metodo,passo_inicial,iteracoes,raio,semente,1,2,3,4,5,6,7,8,9,10,11,12,13,14,15,16,17,18,19,20,21,22,23,24,25,26,27,28,29,30,31,32,33,34,35,36,37,38,39,40,41,42,43,44,45,46,47,48,49,50,51,52,53,54,55,56,57,58,59,60,61,62,63,64,65,66,67,68,69,70,71,72,73,74,75,76,77,78,79,80,81,82,83,84,85,86,87,88,89,90,91,92,93,94,95,96,97,98,99,100,tempo
FDIPA,0.01,2,49,0,0.30534,0.45316,0.54708,0.6098,0.6663,0.70532,0.74382,0.76756,0.78816,0.80514,0.81644,0.82698,0.83762,0.84512,0.85048,0.85596,0.8609,0.86564,0.86916,0.87304,0.87642,0.87918,0.88168,0.88354,0.88588,0.88838,0.89026,0.89202,0.89392,0.89602,0.89746,0.89882,0.89968,0.90128,0.90256,0.9036,0.90496,0.90656,0.90796,0.90886,0.9097,0.91056,0.91114,0.9124,0.91326,0.9145,0.91534,0.91586,0.91694,0.91742,0.91836,0.91884,0.9194,0.92046,0.92044,0.9217,0.92196,0.92248,0.92304,0.92394,0.92496,0.92556,0.9261,0.9269,0.92724,0.9277,0.92834,0.9288,0.92906,0.92972,0.92978,0.93044,0.93068,0.93118,0.93154,0.93182,0.93216,0.9327,0.93316,0.93362,0.93406,0.93448,0.93482,0.9353,0.93546,0.93594,0.93594,0.9365,0.93694,0.93742,0.9376,0.93772,0.93802,0.93848,0.93872,0.93922,0.9394,0.93974,0.94008,0.94046,2413.163610458374
FDIPA,0.01,2,49,1,0.11668,0.1923,0.4041,0.52108,0.5487,0.60686,0.6584,0.70822,0.74112,0.7815,0.79876,0.81418,0.83084,0.84122,0.85108,0.85848,0.86592,0.8718,0.87588,0.8801,0.884,0.8869,0.89018,0.89274,0.89512,0.8975,0.89972,0.90188,0.90344,0.90504,0.90702,0.90834,0.91004,0.91166,0.91306,0.91464,0.91552,0.9165,0.91768,0.91838,0.91956,0.92042,0.92166,0.92236,0.92346,0.92422,0.92526,0.92612,0.9269,0.92748,0.92836,0.92912,0.92932,0.9299,0.93048,0.93106,0.93192,0.93246,0.93312,0.93384,0.93406,0.93476,0.9354,0.93584,0.9364,0.93666,0.93736,0.93796,0.93848,0.9392,0.93962,0.9399,0.94036,0.9408,0.9413,0.94146,0.94196,0.94228,0.94262,0.94354,0.9439,0.94428,0.94454,0.94498,0.9452,0.94574,0.94568,0.94594,0.94642,0.94686,0.94738,0.9475,0.94792,0.94842,0.94876,0.949,0.9492,0.94942,0.9498,0.95012,1535.9435176849365
FDIPA,0.01,2,49,2,0.3018,0.4676,0.53238,0.60094,0.6423,0.6773,0.7116,0.73864,0.76378,0.7849,0.80422,0.81982,0.83072,0.83964,0.84798,0.85444,0.85942,0.86416,0.86828,0.87202,0.87584,0.87918,0.88202,0.8849,0.88704,0.8897,0.89188,0.89382,0.89544,0.8975,0.89944,0.90078,0.9023,0.90408,0.9054,0.90672,0.9076,0.90886,0.9097,0.91108,0.91186,0.91314,0.91412,0.91536,0.9165,0.91732,0.91824,0.9191,0.92006,0.92094,0.92176,0.92242,0.92346,0.92414,0.92462,0.92518,0.92598,0.92638,0.92698,0.92758,0.9283,0.9288,0.9294,0.92994,0.93054,0.93098,0.93198,0.93218,0.93276,0.93342,0.93374,0.934,0.93468,0.93518,0.93558,0.93602,0.9366,0.93678,0.9374,0.93796,0.93808,0.93848,0.9389,0.93916,0.93956,0.93976,0.94028,0.94056,0.94096,0.94132,0.9416,0.9421,0.9423,0.94262,0.94278,0.94334,0.94342,0.94384,0.944,0.9443,779.7968063354492
FDIPA,0.01,2,49,3,0.11244,0.11244,0.11244,0.11244,0.11244,0.11244,0.11244,0.11244,0.11244,0.11244,0.11244,0.11244,0.11244,0.11244,0.14852,0.21436,0.21252,0.24854,0.28688,0.36622,0.45052,0.52206,0.56654,0.59634,0.6198,0.64516,0.6584,0.67882,0.69692,0.71,0.72802,0.74408,0.75836,0.7703,0.78316,0.79518,0.80362,0.81354,0.82106,0.82738,0.83428,0.83982,0.84548,0.85012,0.85348,0.8573,0.86016,0.86446,0.86718,0.86988,0.87282,0.87562,0.87758,0.8799,0.88206,0.88422,0.88566,0.8877,0.8886,0.89032,0.89202,0.8936,0.8951,0.89658,0.8977,0.8992,0.9002,0.90144,0.90278,0.9039,0.90538,0.90628,0.9072,0.90836,0.90954,0.91066,0.91172,0.91296,0.91384,0.91524,0.91594,0.91674,0.9178,0.91848,0.91958,0.92064,0.9212,0.9221,0.92284,0.92372,0.92468,0.92506,0.92598,0.9266,0.92724,0.92782,0.9285,0.9293,0.92998,0.93046,1025.7529754638672
FDIPA,0.01,2,49,4,0.13184,0.2362,0.30066,0.34162,0.41514,0.49566,0.57408,0.64494,0.68414,0.72286,0.75746,0.78342,0.79984,0.8165,0.83052,0.84002,0.84756,0.85452,0.86036,0.86598,0.86972,0.8739,0.87672,0.88028,0.8833,0.88632,0.88852,0.89098,0.89324,0.8952,0.89732,0.89914,0.90128,0.90274,0.90474,0.90598,0.90766,0.90944,0.91058,0.91232,0.91376,0.91506,0.91584,0.91696,0.91814,0.9188,0.92014,0.92104,0.92238,0.92308,0.92426,0.9252,0.92584,0.92672,0.92752,0.92826,0.92928,0.92972,0.93082,0.93144,0.9322,0.9327,0.93316,0.93376,0.93458,0.9349,0.935,0.93582,0.93632,0.93676,0.93728,0.93778,0.93824,0.93864,0.9394,0.93954,0.93988,0.94048,0.94056,0.94108,0.94106,0.94202,0.94224,0.94254,0.9425,0.94314,0.9435,0.94374,0.94406,0.94436,0.94492,0.94534,0.94528,0.9458,0.9463,0.94624,0.9468,0.94712,0.94752,0.9475,981.459802865982
FDIPA,0.01,2,49,5,0.11218,0.11218,0.11218,0.11218,0.11244,0.15762,0.22226,0.20838,0.24276,0.2709,0.28338,0.39,0.40908,0.49364,0.58716,0.62754,0.6617,0.69284,0.72642,0.74404,0.7675,0.7826,0.7993,0.8131,0.82456,0.83366,0.8418,0.84794,0.85288,0.85906,0.86282,0.86646,0.86966,0.87282,0.87604,0.87866,0.88134,0.88392,0.88604,0.88802,0.89036,0.89238,0.89444,0.89628,0.89766,0.89942,0.90088,0.90252,0.90418,0.90538,0.90698,0.90802,0.90906,0.91046,0.9115,0.91258,0.91382,0.91516,0.91642,0.91734,0.9186,0.91952,0.92064,0.92172,0.92238,0.92342,0.92426,0.92516,0.92618,0.92702,0.92772,0.92832,0.9293,0.93016,0.9306,0.93122,0.932,0.93266,0.93298,0.93378,0.9345,0.9349,0.93556,0.93596,0.93702,0.93726,0.93766,0.93822,0.93894,0.93946,0.93986,0.94038,0.941,0.94128,0.94176,0.9422,0.94256,0.94324,0.9436,0.94422,1141.6432876586914
FDIPA,0.01,2,49,6,0.33758,0.49192,0.55574,0.6236,0.66564,0.70888,0.74024,0.76278,0.78566,0.80216,0.8169,0.83128,0.8407,0.85026,0.85738,0.86362,0.86894,0.8735,0.87802,0.88174,0.88446,0.88748,0.88988,0.8923,0.89418,0.89612,0.8981,0.89984,0.90164,0.90346,0.90532,0.90682,0.90806,0.9095,0.91094,0.91232,0.91328,0.91422,0.91502,0.91622,0.91736,0.9183,0.91908,0.91984,0.92098,0.922,0.92244,0.92376,0.92404,0.92482,0.9255,0.9263,0.92706,0.92778,0.92828,0.92922,0.92956,0.93024,0.93062,0.9312,0.93208,0.93248,0.9332,0.93376,0.9339,0.9347,0.93536,0.93598,0.93664,0.93664,0.93732,0.93746,0.93804,0.93858,0.93882,0.93946,0.93968,0.94036,0.9407,0.94122,0.94182,0.94226,0.94264,0.9431,0.9436,0.9444,0.94478,0.94512,0.94546,0.94586,0.94624,0.94644,0.9473,0.94768,0.94788,0.9483,0.9487,0.94908,0.94924,0.94976,1074.567239522934
FDIPA,0.01,2,49,7,0.29404,0.42668,0.48744,0.54056,0.60078,0.64276,0.7042,0.73976,0.76704,0.78874,0.80726,0.82116,0.83332,0.84336,0.8507,0.85598,0.86224,0.86658,0.87022,0.87418,0.8773,0.8804,0.88318,0.88538,0.88822,0.8907,0.89298,0.89546,0.89722,0.89918,0.90086,0.90268,0.90404,0.90556,0.90702,0.90846,0.90966,0.91118,0.91268,0.91394,0.91528,0.9163,0.91716,0.91852,0.91948,0.92024,0.92082,0.9221,0.92284,0.92402,0.9246,0.92566,0.92628,0.92694,0.9277,0.92846,0.92898,0.9296,0.93042,0.93086,0.93172,0.93204,0.93246,0.93308,0.93406,0.93456,0.93506,0.9356,0.93592,0.93648,0.93686,0.93752,0.93826,0.93862,0.93914,0.93978,0.9401,0.94066,0.94088,0.94146,0.94172,0.94232,0.94258,0.943,0.94322,0.94352,0.94368,0.94428,0.9445,0.945,0.94552,0.9457,0.94628,0.94646,0.9468,0.94704,0.94758,0.94788,0.94862,0.94884,1331.0196912288666
FDIPA,0.01,2,49,8,0.2681,0.44542,0.54798,0.6242,0.68088,0.72038,0.75086,0.77774,0.79524,0.80996,0.82298,0.8337,0.84162,0.84916,0.8544,0.85954,0.8646,0.86878,0.87236,0.87578,0.8788,0.88184,0.88428,0.88626,0.88858,0.8906,0.89202,0.89384,0.89532,0.8964,0.89758,0.8994,0.9009,0.90224,0.90338,0.9053,0.90628,0.90736,0.90814,0.90928,0.91022,0.91076,0.91202,0.91262,0.91356,0.91404,0.91496,0.91564,0.9164,0.91756,0.91814,0.91888,0.91984,0.92044,0.92106,0.92196,0.92248,0.9229,0.92358,0.9243,0.92508,0.9256,0.92604,0.9269,0.92742,0.92802,0.9285,0.92914,0.92982,0.93,0.93064,0.93124,0.9316,0.93202,0.93242,0.93282,0.9335,0.93406,0.93438,0.93458,0.93554,0.93562,0.93596,0.93626,0.93666,0.93714,0.93742,0.93786,0.93818,0.93838,0.93858,0.9389,0.9394,0.93986,0.94002,0.9404,0.94064,0.94122,0.94168,0.94198,999.6334795951843
FDIPA,0.01,2,49,9,0.1122,0.1383,0.33756,0.36202,0.367,0.45684,0.53814,0.60872,0.66306,0.68212,0.71622,0.739,0.76354,0.78616,0.80432,0.81476,0.82806,0.83546,0.84296,0.84926,0.85402,0.85786,0.86226,0.86494,0.86826,0.87206,0.87544,0.8783,0.88128,0.88378,0.8862,0.88862,0.8913,0.89334,0.8951,0.8969,0.89864,0.90014,0.90234,0.90378,0.90568,0.90758,0.9088,0.9103,0.91202,0.91316,0.91506,0.916,0.91732,0.91824,0.91942,0.92102,0.92162,0.92256,0.92372,0.92488,0.92612,0.92648,0.92726,0.9282,0.92886,0.92974,0.93036,0.93106,0.93162,0.93214,0.93258,0.9332,0.93348,0.93408,0.93462,0.93512,0.9358,0.93598,0.93668,0.93704,0.93756,0.9382,0.93852,0.93896,0.93942,0.9398,0.9406,0.94094,0.94102,0.94164,0.94194,0.94222,0.94272,0.943,0.94334,0.94338,0.944,0.94416,0.94474,0.9453,0.94564,0.9459,0.9462,0.9463,1262.6331369876862
FDIPA,0.01,2,49,10,0.11266,0.11302,0.11396,0.11902,0.19566,0.23226,0.2764,0.33772,0.34512,0.3945,0.47952,0.55572,0.62164,0.64922,0.69266,0.71488,0.74006,0.75928,0.77254,0.78674,0.79968,0.8129,0.82202,0.83204,0.84014,0.84684,0.8522,0.85766,0.86286,0.86678,0.87,0.87348,0.87582,0.87896,0.88162,0.88388,0.88634,0.88914,0.89124,0.89306,0.89476,0.89706,0.89926,0.90062,0.90234,0.90434,0.90616,0.9079,0.90948,0.91072,0.9125,0.91348,0.9152,0.91616,0.91772,0.91858,0.91962,0.92124,0.9222,0.92356,0.9246,0.9252,0.92602,0.92666,0.92784,0.9285,0.92926,0.9301,0.93144,0.93152,0.93266,0.93296,0.93354,0.93422,0.93496,0.93572,0.9364,0.93654,0.93724,0.93788,0.93836,0.93908,0.93944,0.94,0.94036,0.9409,0.94126,0.94166,0.94216,0.94244,0.94268,0.9433,0.9437,0.94418,0.94448,0.9449,0.94546,0.94554,0.94598,0.94616,984.4632272720337
FDIPA,0.01,2,49,11,0.11346,0.11346,0.11346,0.11346,0.11346,0.11346,0.11346,0.11346,0.11346,0.11346,0.11346,0.11346,0.11346,0.11346,0.11346,0.11346,0.11498,0.18424,0.31494,0.33654,0.37056,0.38862,0.4077,0.43194,0.46744,0.47892,0.51332,0.55718,0.60322,0.64748,0.66816,0.71684,0.72694,0.74854,0.77028,0.77248,0.78994,0.80346,0.8118,0.81956,0.8257,0.82962,0.83774,0.84266,0.84834,0.85256,0.8576,0.86114,0.86554,0.86912,0.8733,0.8764,0.87918,0.8821,0.88506,0.88686,0.8895,0.89144,0.89376,0.89582,0.89774,0.89956,0.90062,0.90256,0.90394,0.905,0.9067,0.90802,0.90948,0.91066,0.91188,0.91342,0.91482,0.91602,0.91716,0.91802,0.91872,0.91968,0.92094,0.92172,0.92274,0.9237,0.92472,0.92552,0.92646,0.92758,0.92852,0.92922,0.92974,0.93046,0.93122,0.932,0.93262,0.93352,0.93412,0.93474,0.93532,0.9356,0.93646,0.93658,987.539767742157
FDIPA,0.01,2,49,12,0.11312,0.11312,0.11312,0.11312,0.11312,0.11312,0.11312,0.11312,0.11312,0.11312,0.11312,0.11312,0.11312,0.11312,0.11318,0.18148,0.29598,0.31166,0.3366,0.40228,0.41314,0.44728,0.47182,0.5108,0.55286,0.5902,0.62382,0.67108,0.70602,0.7378,0.74624,0.7661,0.77918,0.79058,0.79712,0.80734,0.81654,0.8241,0.8329,0.83914,0.84536,0.85076,0.85674,0.8613,0.86612,0.87014,0.87284,0.87662,0.8792,0.88174,0.88404,0.8861,0.88802,0.8897,0.89184,0.8932,0.8951,0.89652,0.89812,0.8997,0.90098,0.90256,0.90408,0.90534,0.90638,0.90768,0.90886,0.91,0.91142,0.91238,0.91346,0.9148,0.91588,0.9166,0.9175,0.91862,0.91916,0.92032,0.9212,0.92166,0.92228,0.92286,0.9241,0.9252,0.92554,0.92632,0.92674,0.92784,0.92822,0.92914,0.9295,0.93008,0.93082,0.93132,0.93182,0.93198,0.93264,0.93324,0.93358,0.93408,1002.6390910148621
FDIPA,0.01,2,49,13,0.2303,0.35076,0.4266,0.4314,0.50656,0.56552,0.63612,0.67988,0.71094,0.76134,0.78286,0.80142,0.82196,0.8322,0.84446,0.8533,0.85926,0.86564,0.87112,0.87568,0.87998,0.8843,0.88798,0.8912,0.89392,0.89656,0.8989,0.9008,0.90312,0.90456,0.90658,0.90846,0.90976,0.91106,0.91234,0.91328,0.915,0.91606,0.91716,0.91844,0.9195,0.92056,0.92174,0.92214,0.92332,0.92398,0.92494,0.92588,0.92674,0.92752,0.92796,0.92906,0.92958,0.93052,0.93126,0.9313,0.93198,0.93268,0.93306,0.93366,0.93428,0.93532,0.93552,0.9363,0.93652,0.93744,0.93744,0.93792,0.93866,0.93922,0.93984,0.9403,0.94072,0.9412,0.94144,0.94178,0.94228,0.94262,0.94296,0.9435,0.94358,0.94388,0.94456,0.94484,0.94502,0.94564,0.94594,0.94642,0.94676,0.9471,0.94748,0.94772,0.9479,0.94856,0.94834,0.94898,0.949,0.94918,0.94958,0.9498,998.0169596672058
FDIPA,0.01,2,49,14,0.2952,0.4676,0.54852,0.61612,0.66758,0.7063,0.73796,0.76536,0.78462,0.79966,0.81316,0.82354,0.83348,0.84128,0.84816,0.854,0.85928,0.86422,0.86816,0.87212,0.87528,0.8784,0.88078,0.88296,0.88468,0.88706,0.889,0.89106,0.89274,0.8945,0.89602,0.89746,0.8988,0.90012,0.90128,0.90258,0.90404,0.90498,0.90632,0.90754,0.90822,0.90934,0.9104,0.91148,0.91236,0.9133,0.91406,0.9151,0.91576,0.91642,0.91718,0.91794,0.91824,0.91922,0.9199,0.92032,0.92116,0.92146,0.9219,0.92252,0.92302,0.92352,0.92408,0.92474,0.92536,0.92558,0.92616,0.92688,0.92732,0.92806,0.92838,0.92878,0.92944,0.92974,0.93042,0.93092,0.93128,0.93182,0.93208,0.93266,0.93302,0.93338,0.93394,0.93438,0.93462,0.93512,0.93544,0.9355,0.93598,0.93614,0.9364,0.93702,0.93712,0.93746,0.9377,0.9382,0.93844,0.93878,0.93892,0.93934,996.3294115066528
FDIPA,0.01,2,49,15,0.25034,0.43108,0.53932,0.61006,0.66186,0.70286,0.73412,0.7585,0.77892,0.7973,0.80792,0.81888,0.82848,0.83762,0.84574,0.85184,0.85724,0.8621,0.8667,0.87048,0.87398,0.87746,0.88,0.8836,0.88586,0.888,0.89054,0.8927,0.89454,0.89642,0.89808,0.8999,0.90154,0.9029,0.90466,0.90594,0.9076,0.90858,0.91008,0.9111,0.91242,0.9135,0.91468,0.9154,0.91612,0.91744,0.91828,0.91952,0.92022,0.9213,0.92194,0.92286,0.9237,0.92428,0.925,0.92556,0.92594,0.92686,0.92754,0.9282,0.9289,0.92954,0.93022,0.9308,0.93144,0.93184,0.9323,0.93294,0.93322,0.93386,0.93442,0.93466,0.93514,0.93552,0.93616,0.93666,0.93692,0.9377,0.93832,0.93846,0.9389,0.9393,0.9397,0.9401,0.9403,0.94084,0.94154,0.94154,0.9422,0.94262,0.9429,0.94312,0.94362,0.94382,0.94406,0.94442,0.94476,0.94494,0.9452,0.94546,993.3570787906647
FDIPA,0.01,2,49,16,0.19204,0.2888,0.4064,0.47606,0.56206,0.6351,0.70432,0.7375,0.76578,0.79118,0.81448,0.82854,0.84336,0.85264,0.8605,0.86726,0.87316,0.8781,0.88242,0.88544,0.88894,0.8919,0.89432,0.8969,0.89932,0.90126,0.90298,0.90536,0.90686,0.90826,0.90962,0.91104,0.91304,0.91406,0.91536,0.91662,0.91758,0.9185,0.9192,0.92024,0.92096,0.92188,0.92292,0.92374,0.92448,0.9249,0.9259,0.92678,0.92744,0.92808,0.92866,0.9294,0.93,0.93074,0.93126,0.93178,0.93248,0.93304,0.9339,0.93432,0.93504,0.93566,0.9362,0.93674,0.93722,0.93792,0.9384,0.9388,0.93938,0.93988,0.94042,0.94092,0.94142,0.94202,0.94226,0.9427,0.9431,0.94406,0.9444,0.94472,0.94494,0.9453,0.94576,0.94614,0.9465,0.94686,0.9472,0.94772,0.94768,0.94838,0.94882,0.94912,0.94942,0.94992,0.95024,0.95036,0.95098,0.95146,0.95146,0.9519,967.1331388950348
FDIPA,0.01,2,49,17,0.32362,0.44574,0.50408,0.5537,0.6213,0.66306,0.70448,0.73376,0.7619,0.7821,0.80048,0.81442,0.82912,0.83868,0.84768,0.85626,0.8622,0.8678,0.8728,0.87782,0.88164,0.88524,0.88864,0.89102,0.89342,0.89616,0.89836,0.90032,0.90204,0.9036,0.90526,0.90724,0.90836,0.90982,0.91102,0.91212,0.91298,0.91422,0.9155,0.91638,0.91718,0.91836,0.91908,0.92006,0.92092,0.92156,0.92252,0.92326,0.92398,0.9247,0.92528,0.92566,0.92644,0.92716,0.92778,0.92818,0.92902,0.92944,0.93002,0.93054,0.931,0.93156,0.93192,0.9325,0.93294,0.93334,0.93402,0.93442,0.93492,0.93558,0.93602,0.93646,0.9365,0.93718,0.93792,0.93814,0.93864,0.93888,0.93918,0.93964,0.9402,0.9406,0.94078,0.94116,0.94176,0.94212,0.94222,0.9428,0.94322,0.94332,0.9438,0.94406,0.9445,0.94472,0.94518,0.94532,0.94554,0.94574,0.94612,0.94648,966.0794966220856
FDIPA,0.01,2,49,18,0.11444,0.20488,0.31318,0.45438,0.46118,0.53284,0.57626,0.6329,0.67056,0.70474,0.74114,0.77262,0.79554,0.8148,0.83176,0.84574,0.85514,0.86212,0.86738,0.872,0.87522,0.87862,0.88126,0.88414,0.88674,0.88958,0.89136,0.89376,0.89606,0.89744,0.89984,0.90152,0.90356,0.9047,0.90666,0.90792,0.9094,0.9108,0.9121,0.91322,0.91478,0.91572,0.91664,0.91816,0.9193,0.9203,0.92186,0.92284,0.92378,0.9247,0.92534,0.92638,0.92694,0.92766,0.92832,0.92898,0.92984,0.93088,0.93164,0.93206,0.93264,0.93318,0.934,0.93468,0.935,0.93534,0.93608,0.93674,0.93702,0.93766,0.93822,0.9387,0.93932,0.93956,0.94026,0.94058,0.94112,0.94144,0.94208,0.94258,0.94302,0.9432,0.94362,0.94392,0.9441,0.94478,0.94516,0.94538,0.94596,0.94646,0.94684,0.94694,0.94736,0.94778,0.94802,0.94822,0.94842,0.949,0.94898,0.94932,963.5082221031189
FDIPA,0.01,2,49,19,0.29764,0.44362,0.52138,0.58602,0.63252,0.68566,0.71454,0.74344,0.76496,0.78508,0.80038,0.80974,0.82208,0.83004,0.83706,0.84448,0.84966,0.85576,0.86072,0.86602,0.8697,0.87344,0.87706,0.8799,0.88272,0.88518,0.88738,0.8897,0.89212,0.89432,0.89604,0.89796,0.8994,0.90118,0.90256,0.90396,0.90528,0.9068,0.90804,0.90916,0.91046,0.91168,0.91262,0.91374,0.91462,0.91532,0.91662,0.9172,0.91794,0.9187,0.92,0.92064,0.9218,0.92236,0.92342,0.92432,0.92486,0.92532,0.9262,0.9267,0.92752,0.92804,0.92874,0.9293,0.93006,0.9307,0.93106,0.93202,0.93238,0.93282,0.9336,0.9341,0.93434,0.93478,0.93518,0.9357,0.93594,0.93676,0.93734,0.93784,0.93806,0.93868,0.93918,0.9395,0.9399,0.9401,0.94068,0.94094,0.94102,0.9415,0.94186,0.94228,0.94264,0.94298,0.94326,0.94336,0.9438,0.9442,0.94438,0.94456,959.4931716918945
FDIPA,0.01,2,49,20,0.11202,0.11202,0.1144,0.1263,0.17484,0.21024,0.28586,0.30718,0.34346,0.4081,0.47662,0.54146,0.61608,0.66366,0.69066,0.72736,0.7442,0.76,0.77742,0.79378,0.8075,0.82234,0.83352,0.8454,0.85414,0.86032,0.86634,0.87024,0.87378,0.87706,0.88048,0.88324,0.88554,0.88782,0.88994,0.89208,0.8942,0.89616,0.89738,0.89936,0.90122,0.90278,0.90438,0.90544,0.90714,0.90888,0.90996,0.9114,0.91258,0.91316,0.9146,0.91596,0.9169,0.91802,0.91902,0.92004,0.92072,0.9215,0.92192,0.9233,0.92386,0.9249,0.92588,0.92638,0.92724,0.9279,0.92854,0.92938,0.92998,0.93082,0.9314,0.9319,0.9325,0.93294,0.93342,0.9343,0.93454,0.9352,0.93558,0.93592,0.93664,0.937,0.9376,0.93812,0.93864,0.93924,0.93946,0.9404,0.94096,0.94096,0.94194,0.94238,0.94252,0.94308,0.94348,0.94358,0.94414,0.94476,0.94502,0.94552,954.4229996204376
FDIPA,0.01,2,49,21,0.19614,0.33336,0.4382,0.4817,0.55772,0.6328,0.6905,0.72916,0.76494,0.7921,0.80868,0.8248,0.83488,0.84304,0.85042,0.85674,0.86202,0.86696,0.8709,0.87504,0.87886,0.8823,0.88508,0.88772,0.89058,0.89324,0.89568,0.8977,0.90004,0.90186,0.90366,0.90562,0.90706,0.90884,0.91032,0.91166,0.91294,0.91452,0.91562,0.917,0.91788,0.91902,0.91984,0.92112,0.92188,0.92336,0.92424,0.92456,0.92576,0.92616,0.92718,0.92804,0.92864,0.92908,0.92964,0.93022,0.93098,0.93174,0.93246,0.933,0.93352,0.9341,0.93446,0.93532,0.93586,0.9362,0.937,0.93738,0.938,0.93852,0.9389,0.9394,0.9399,0.94002,0.9407,0.94114,0.94158,0.94204,0.94258,0.9431,0.94358,0.944,0.9446,0.94488,0.94516,0.94534,0.94554,0.94602,0.94622,0.94656,0.94696,0.9473,0.94764,0.94786,0.94814,0.94834,0.9485,0.94884,0.94918,0.9495,957.4818453788757
FDIPA,0.01,2,49,22,0.29708,0.43374,0.47998,0.53326,0.58374,0.63748,0.68644,0.72804,0.75244,0.77462,0.79034,0.80256,0.8161,0.82758,0.8361,0.84048,0.84834,0.85432,0.85978,0.8648,0.86912,0.87274,0.87636,0.87966,0.88254,0.88544,0.88812,0.89084,0.8931,0.89494,0.89674,0.89876,0.90048,0.90206,0.90354,0.90542,0.90652,0.9081,0.90976,0.9109,0.9123,0.9137,0.91508,0.9157,0.91726,0.9185,0.91958,0.92028,0.92156,0.92236,0.92322,0.92396,0.92488,0.9256,0.9265,0.92696,0.9278,0.9286,0.92914,0.92996,0.93054,0.93108,0.93194,0.93254,0.933,0.93362,0.9341,0.9346,0.9353,0.93588,0.93634,0.93694,0.93726,0.93766,0.93882,0.93892,0.93944,0.93994,0.94052,0.94116,0.94138,0.9421,0.94254,0.94278,0.9433,0.94364,0.94396,0.94432,0.94468,0.9452,0.9456,0.94568,0.9463,0.9465,0.94698,0.94732,0.94776,0.94796,0.94828,0.94842,962.0630159378052
FDIPA,0.01,2,49,23,0.11158,0.11158,0.11362,0.13728,0.22048,0.3207,0.35906,0.37674,0.4115,0.43836,0.46008,0.49016,0.53038,0.56984,0.60722,0.66392,0.69442,0.72488,0.75448,0.77772,0.79234,0.81046,0.82214,0.83468,0.84178,0.8497,0.85636,0.86178,0.8665,0.8698,0.87346,0.87666,0.87942,0.88234,0.88484,0.88738,0.88928,0.89132,0.89262,0.89446,0.89626,0.89788,0.89986,0.90108,0.90268,0.9037,0.90494,0.90616,0.90794,0.90892,0.90982,0.91156,0.9123,0.91328,0.91414,0.91546,0.91614,0.91726,0.9183,0.9195,0.92062,0.9219,0.92206,0.92364,0.9246,0.9254,0.92628,0.9269,0.928,0.92874,0.9294,0.93006,0.9308,0.93176,0.93218,0.93248,0.93332,0.93386,0.93424,0.93542,0.93592,0.93648,0.93712,0.93748,0.93806,0.93846,0.93916,0.93958,0.94004,0.9405,0.94078,0.94152,0.9421,0.94248,0.94296,0.94332,0.9437,0.94432,0.94458,0.94502,965.9558172225952
FDIPA,0.01,2,49,24,0.20024,0.3635,0.46152,0.52228,0.59604,0.64008,0.68498,0.71776,0.75332,0.78116,0.80346,0.82032,0.83632,0.84926,0.8583,0.8658,0.87244,0.87696,0.88162,0.88514,0.88944,0.89288,0.89546,0.89764,0.89988,0.90194,0.9041,0.90532,0.90714,0.90866,0.9102,0.91124,0.91258,0.91396,0.915,0.91592,0.91684,0.91808,0.91894,0.9199,0.9207,0.92168,0.9226,0.92314,0.92404,0.92496,0.92566,0.9264,0.92714,0.92772,0.92864,0.92914,0.92972,0.9304,0.93094,0.93174,0.93198,0.93264,0.93296,0.9334,0.93416,0.93486,0.93496,0.93544,0.9361,0.93644,0.93708,0.9376,0.93796,0.93826,0.93876,0.93934,0.93962,0.94022,0.9405,0.941,0.94126,0.94178,0.94228,0.94258,0.94296,0.9433,0.94358,0.94388,0.94422,0.94448,0.94492,0.94508,0.94544,0.94586,0.94604,0.94638,0.94654,0.94706,0.94734,0.94766,0.94788,0.94842,0.94868,0.94868,948.595000743866
FDIPA,0.01,2,49,25,0.11162,0.11944,0.11162,0.11246,0.1339,0.24424,0.28118,0.33102,0.3597,0.40692,0.45822,0.51024,0.55186,0.6302,0.66834,0.71018,0.7203,0.74792,0.76688,0.78126,0.79366,0.80262,0.81158,0.81956,0.82844,0.83442,0.8404,0.84804,0.85402,0.86,0.86536,0.86964,0.87364,0.87764,0.88024,0.88322,0.8852,0.88768,0.89032,0.89174,0.8937,0.89598,0.89802,0.8998,0.90176,0.90392,0.90584,0.90702,0.9084,0.90958,0.9111,0.91234,0.9135,0.91492,0.9155,0.91668,0.9174,0.9186,0.91968,0.92048,0.92124,0.92236,0.92324,0.92364,0.9249,0.92542,0.92648,0.9269,0.928,0.92836,0.92904,0.92964,0.93054,0.93106,0.9319,0.9324,0.9333,0.93398,0.93456,0.9347,0.93528,0.93596,0.9366,0.9369,0.93774,0.93818,0.93878,0.93902,0.93998,0.94024,0.9404,0.94078,0.94126,0.94196,0.94216,0.94264,0.94326,0.94336,0.9438,0.9443,958.9661810398102
FDIPA,0.01,2,49,26,0.30358,0.38384,0.43618,0.51172,0.56828,0.61438,0.68534,0.72778,0.75724,0.77894,0.80872,0.82862,0.84052,0.85108,0.86096,0.86732,0.87318,0.87702,0.88172,0.88592,0.88896,0.89176,0.89474,0.89768,0.90006,0.90172,0.90356,0.90532,0.90726,0.90878,0.91022,0.91132,0.9126,0.91402,0.9151,0.9167,0.91792,0.9187,0.91966,0.921,0.92192,0.92308,0.92438,0.92512,0.92596,0.92658,0.92754,0.92852,0.92882,0.92964,0.93028,0.93112,0.93164,0.93226,0.93304,0.93348,0.93392,0.93456,0.93512,0.93614,0.9365,0.937,0.93756,0.93794,0.93836,0.93888,0.93942,0.93994,0.94018,0.94044,0.94108,0.94162,0.94212,0.9424,0.94272,0.94326,0.943,0.94382,0.94412,0.9443,0.94472,0.94514,0.94524,0.9459,0.9461,0.94658,0.9471,0.9473,0.9475,0.94772,0.94798,0.94842,0.94868,0.9493,0.94932,0.94958,0.94992,0.9501,0.9505,0.95078,954.9324986934662
FDIPA,0.01,2,49,27,0.13496,0.25806,0.29112,0.3379,0.3743,0.4617,0.54752,0.59064,0.63996,0.67996,0.72606,0.75696,0.78392,0.8007,0.82106,0.83636,0.84932,0.85916,0.867,0.87338,0.8787,0.8826,0.88626,0.8895,0.89298,0.89536,0.89736,0.89924,0.90174,0.9033,0.90476,0.90636,0.90854,0.90992,0.91094,0.9127,0.91396,0.9149,0.91618,0.91722,0.91846,0.91884,0.91946,0.92054,0.92144,0.92204,0.92288,0.92332,0.92416,0.92484,0.9256,0.92658,0.92708,0.9279,0.92816,0.92832,0.92906,0.93036,0.9308,0.93112,0.93146,0.93222,0.9329,0.93336,0.93364,0.93436,0.93466,0.93538,0.93568,0.93626,0.93682,0.9376,0.93794,0.93828,0.93846,0.93932,0.93972,0.94022,0.94032,0.94092,0.94128,0.9415,0.94182,0.94208,0.94266,0.94306,0.94342,0.9437,0.94398,0.94408,0.94438,0.94472,0.94518,0.94538,0.94548,0.9459,0.94628,0.94612,0.94678,0.94736,957.07595038414
FDIPA,0.01,2,49,28,0.22582,0.35096,0.4683,0.51672,0.5909,0.65204,0.69824,0.74012,0.7706,0.79778,0.81808,0.83204,0.84328,0.85106,0.85768,0.86302,0.86898,0.8727,0.87742,0.88046,0.88352,0.88676,0.88952,0.89212,0.894,0.89626,0.89852,0.90042,0.90194,0.90348,0.90516,0.90664,0.90798,0.9093,0.91068,0.91214,0.91336,0.91424,0.9153,0.91618,0.91704,0.91806,0.91908,0.91988,0.92094,0.92188,0.9229,0.92374,0.92464,0.9254,0.92616,0.92688,0.92748,0.92808,0.9288,0.92966,0.93024,0.9307,0.93124,0.93212,0.93266,0.93344,0.93396,0.93454,0.93494,0.935,0.9354,0.93646,0.937,0.93732,0.93792,0.93842,0.93916,0.9395,0.93992,0.94042,0.94102,0.94116,0.94194,0.94212,0.9425,0.94302,0.94346,0.94362,0.94412,0.94446,0.94498,0.94548,0.94558,0.94576,0.94642,0.94662,0.94692,0.94748,0.94758,0.94786,0.9481,0.94864,0.94906,0.94918,951.4306826591492
FDIPA,0.01,2,49,29,0.27486,0.39506,0.45568,0.52544,0.58848,0.6515,0.70412,0.7406,0.7705,0.79248,0.8101,0.8251,0.8353,0.84438,0.85062,0.85694,0.86206,0.86658,0.87006,0.87402,0.87722,0.88046,0.88318,0.88556,0.88808,0.89038,0.89236,0.89392,0.89628,0.89818,0.89986,0.9014,0.90322,0.90444,0.90604,0.90732,0.90854,0.91004,0.91128,0.9118,0.9129,0.9141,0.91492,0.91578,0.91672,0.91772,0.91874,0.91934,0.92006,0.92086,0.92186,0.92264,0.9234,0.92392,0.92494,0.92544,0.92614,0.92646,0.9272,0.92804,0.92862,0.92912,0.92962,0.93022,0.93056,0.93102,0.9315,0.93218,0.93262,0.93302,0.9336,0.93406,0.9344,0.93504,0.93522,0.9359,0.93616,0.9364,0.9369,0.93736,0.9378,0.93802,0.93862,0.93894,0.93918,0.9397,0.93978,0.94034,0.9405,0.94078,0.94116,0.94166,0.9421,0.9423,0.94276,0.94324,0.94366,0.94384,0.94422,0.94456,950.6189308166504
FDIPA,0.1,2,49,0,0.80366,0.87226,0.89552,0.9082,0.917,0.92356,0.92948,0.93314,0.93702,0.9393,0.94336,0.9461,0.94768,0.9507,0.95228,0.9546,0.95582,0.95758,0.95866,0.95962,0.9612,0.96262,0.9635,0.96428,0.9654,0.9665,0.96714,0.96798,0.96864,0.96922,0.96976,0.97046,0.97008,0.97072,0.97188,0.97284,0.97302,0.97296,0.9733,0.9735,0.97404,0.97456,0.9749,0.97484,0.97536,0.9754,0.97588,0.97574,0.97598,0.97612,0.97626,0.97656,0.97652,0.97678,0.97652,0.97766,0.97724,0.97722,0.9775,0.9771,0.97758,0.97752,0.97762,0.97696,0.97834,0.97696,0.97772,0.97724,0.97806,0.978,0.9779,0.97842,0.97878,0.97828,0.9785,0.97852,0.97912,0.97856,0.97894,0.97902,0.97918,0.9788,0.97858,0.97918,0.9795,0.97848,0.97932,0.97894,0.97938,0.9797,0.97938,0.97998,0.97896,0.97998,0.97976,0.97946,0.9805,0.98024,0.97992,0.98076,1294.7451922893524
FDIPA,0.1,2,49,1,0.76036,0.87946,0.90484,0.91784,0.92646,0.93242,0.93812,0.94266,0.94598,0.94922,0.95148,0.95386,0.9558,0.95728,0.95816,0.96004,0.96116,0.96296,0.96418,0.96444,0.96564,0.96658,0.96714,0.9682,0.96884,0.96946,0.96932,0.97048,0.971,0.97122,0.97246,0.97202,0.97294,0.97238,0.9736,0.9742,0.9741,0.97444,0.9752,0.97528,0.97616,0.97618,0.97654,0.97684,0.97678,0.97684,0.97692,0.97768,0.97746,0.97736,0.97758,0.97842,0.9787,0.97826,0.97826,0.97872,0.97962,0.97922,0.97986,0.97988,0.97952,0.97976,0.98022,0.98024,0.98044,0.98046,0.9809,0.9807,0.98092,0.98134,0.98136,0.9819,0.98176,0.98148,0.98148,0.9822,0.98186,0.98176,0.98174,0.9823,0.982,0.98284,0.98294,0.98248,0.98276,0.98236,0.98304,0.98336,0.9827,0.98318,0.9832,0.98302,0.98322,0.98286,0.98366,0.98334,0.98356,0.98352,0.98406,0.98382,1082.268249988556
FDIPA,0.1,2,49,2,0.77838,0.87198,0.897,0.91126,0.92098,0.9277,0.93282,0.93702,0.94022,0.94346,0.94636,0.94868,0.9514,0.9536,0.95506,0.9572,0.95812,0.95986,0.96118,0.96274,0.96314,0.96456,0.96544,0.9662,0.96666,0.96788,0.96834,0.9684,0.96914,0.9703,0.97056,0.97194,0.97086,0.9723,0.9726,0.97288,0.97338,0.97368,0.97352,0.9742,0.97448,0.97488,0.97504,0.97514,0.97548,0.97596,0.97542,0.97588,0.9758,0.97654,0.97628,0.97638,0.97664,0.977,0.97682,0.97688,0.97716,0.97672,0.97746,0.97712,0.97704,0.97778,0.97762,0.97768,0.97774,0.97746,0.97776,0.97828,0.97798,0.97814,0.97822,0.97778,0.97862,0.97886,0.97878,0.97872,0.97818,0.97956,0.97866,0.97892,0.9786,0.98006,0.9788,0.97926,0.97948,0.97992,0.97952,0.98016,0.9807,0.97992,0.97996,0.98022,0.97996,0.98062,0.9808,0.98082,0.98056,0.98028,0.98064,0.9808,1158.5325181484222
FDIPA,0.1,2,49,3,0.11244,0.33098,0.70744,0.82666,0.86704,0.888,0.90104,0.91128,0.92072,0.92778,0.9339,0.938,0.94004,0.94494,0.94834,0.9506,0.95178,0.95416,0.9555,0.95586,0.95862,0.95876,0.9601,0.96064,0.96212,0.96244,0.96354,0.96368,0.96458,0.9654,0.9653,0.96608,0.96736,0.9674,0.96674,0.9686,0.96818,0.969,0.97004,0.96958,0.96998,0.97072,0.97102,0.97112,0.97168,0.97208,0.97182,0.97186,0.97278,0.97254,0.97284,0.97384,0.97386,0.97364,0.97436,0.97434,0.97486,0.97456,0.97472,0.97504,0.97452,0.97552,0.97536,0.97598,0.97596,0.97488,0.9755,0.97586,0.97576,0.97652,0.97616,0.97612,0.97638,0.9772,0.97706,0.97726,0.97796,0.977,0.97692,0.97712,0.97722,0.978,0.97736,0.97772,0.97856,0.97826,0.97878,0.9787,0.97906,0.97806,0.97834,0.97866,0.97886,0.97944,0.9787,0.97886,0.97908,0.97962,0.97932,0.97854,1212.0306730270386
FDIPA,0.1,2,49,4,0.69332,0.86196,0.89486,0.91024,0.92256,0.9297,0.93462,0.93968,0.94372,0.9456,0.94906,0.95144,0.95346,0.95508,0.95692,0.95812,0.95984,0.96092,0.96166,0.96292,0.96306,0.96482,0.96514,0.96594,0.96718,0.96758,0.96774,0.96886,0.96884,0.9694,0.96994,0.97044,0.97082,0.97124,0.972,0.9721,0.97184,0.97252,0.97244,0.97376,0.97442,0.97304,0.97438,0.97444,0.97478,0.97532,0.97562,0.97498,0.97562,0.97578,0.9762,0.97656,0.97642,0.977,0.97698,0.97752,0.97666,0.97762,0.97786,0.9784,0.97854,0.97824,0.97856,0.97842,0.97818,0.97876,0.9789,0.97914,0.97956,0.9789,0.97948,0.9795,0.9801,0.97978,0.97918,0.97948,0.98052,0.98006,0.98022,0.98028,0.98034,0.98062,0.98104,0.98124,0.98026,0.98064,0.98152,0.98062,0.9813,0.9814,0.98166,0.98116,0.98212,0.98188,0.9819,0.98138,0.98132,0.98144,0.98174,0.9816,1137.9364621639252
FDIPA,0.1,2,49,5,0.30832,0.74522,0.85426,0.88574,0.90372,0.91434,0.92364,0.93108,0.93642,0.94064,0.9445,0.94664,0.94946,0.95206,0.9538,0.95474,0.95756,0.9575,0.95922,0.9601,0.96118,0.96258,0.96326,0.96412,0.96462,0.96494,0.96504,0.96606,0.9659,0.96668,0.96838,0.96736,0.968,0.9687,0.96908,0.96946,0.97034,0.97006,0.97046,0.97022,0.97118,0.97132,0.97184,0.97218,0.97148,0.97254,0.97278,0.9731,0.97336,0.97346,0.9739,0.97354,0.97372,0.97348,0.9738,0.97486,0.9752,0.97528,0.97622,0.97476,0.97502,0.97594,0.97556,0.97566,0.97686,0.97666,0.97678,0.97622,0.97732,0.97692,0.97724,0.97658,0.97764,0.97782,0.97732,0.97792,0.97818,0.97792,0.97778,0.97808,0.97888,0.97898,0.97894,0.97842,0.97852,0.97792,0.97938,0.97906,0.9797,0.97968,0.97954,0.97988,0.9801,0.9801,0.97976,0.98046,0.98036,0.98036,0.9808,0.98094,918.0699918270111
FDIPA,0.1,2,49,6,0.79968,0.88058,0.90172,0.9154,0.92462,0.93066,0.93566,0.94042,0.945,0.94844,0.9515,0.95366,0.95586,0.95832,0.9597,0.9608,0.96234,0.9637,0.96384,0.96554,0.96656,0.9672,0.9683,0.96856,0.96994,0.9699,0.97126,0.97074,0.97136,0.97248,0.97278,0.97318,0.97312,0.97372,0.97424,0.97434,0.97486,0.97416,0.9751,0.97526,0.9749,0.97624,0.9755,0.97602,0.97658,0.97598,0.9768,0.97692,0.97744,0.9773,0.97762,0.97794,0.97778,0.97766,0.97856,0.9784,0.97842,0.9789,0.97898,0.97896,0.97914,0.979,0.979,0.97918,0.97974,0.97956,0.98006,0.97926,0.98032,0.98008,0.98026,0.9801,0.98024,0.9806,0.98044,0.98086,0.98036,0.9801,0.98054,0.98054,0.98114,0.98126,0.98054,0.9814,0.9816,0.98132,0.98156,0.98136,0.98096,0.98158,0.98196,0.98168,0.98242,0.9821,0.98192,0.98234,0.98242,0.9822,0.98176,0.98236,1217.1821563243866
FDIPA,0.1,2,49,7,0.77778,0.87282,0.89814,0.91268,0.9227,0.93054,0.93598,0.94002,0.94436,0.94816,0.95194,0.95346,0.95588,0.9576,0.9593,0.96084,0.96288,0.96344,0.96484,0.96638,0.96698,0.9679,0.96874,0.96868,0.9702,0.97016,0.97152,0.9721,0.97168,0.97262,0.97318,0.97344,0.974,0.97466,0.9739,0.97518,0.97506,0.97616,0.97584,0.97666,0.97634,0.97638,0.97668,0.97712,0.97752,0.97736,0.97726,0.97822,0.9777,0.97826,0.97848,0.97868,0.97924,0.97918,0.9796,0.97944,0.97962,0.97982,0.98002,0.97976,0.98,0.98106,0.98032,0.98104,0.98086,0.98078,0.9811,0.9808,0.98132,0.98168,0.98148,0.981,0.98204,0.98174,0.98232,0.98174,0.98244,0.982,0.9826,0.98208,0.98162,0.983,0.9823,0.9822,0.98256,0.98294,0.98304,0.98188,0.98256,0.98274,0.98306,0.98316,0.98334,0.98306,0.98342,0.98342,0.98316,0.98316,0.98358,0.98346,1340.7380211353302
FDIPA,0.1,2,49,8,0.8073,0.87356,0.89598,0.90822,0.91778,0.92454,0.92952,0.93472,0.93796,0.9416,0.94452,0.94694,0.94972,0.95132,0.95364,0.95514,0.95672,0.95816,0.95974,0.96112,0.96184,0.96386,0.96486,0.9658,0.96658,0.96758,0.9682,0.96876,0.97024,0.97016,0.97106,0.9718,0.9726,0.97236,0.9736,0.97398,0.9742,0.97432,0.9744,0.97482,0.97514,0.9755,0.97614,0.9761,0.97646,0.97678,0.9775,0.97704,0.9773,0.97756,0.97722,0.97812,0.97826,0.97752,0.97768,0.97862,0.9787,0.97814,0.9789,0.97826,0.97902,0.97842,0.97794,0.97866,0.97864,0.9788,0.97908,0.97938,0.97932,0.97944,0.97908,0.9794,0.97936,0.9795,0.97976,0.97962,0.98034,0.97962,0.97952,0.98006,0.97902,0.97986,0.98018,0.98012,0.98024,0.98016,0.98078,0.98024,0.98008,0.98034,0.98082,0.98098,0.981,0.98048,0.98078,0.98096,0.98068,0.98116,0.9811,0.98086,1114.6657357215881
FDIPA,0.1,2,49,9,0.69258,0.8466,0.8818,0.90202,0.91602,0.9258,0.93226,0.93818,0.94136,0.94514,0.9482,0.95048,0.95184,0.95386,0.95602,0.95766,0.95798,0.96002,0.96126,0.96258,0.9625,0.96374,0.96452,0.96514,0.9664,0.967,0.96698,0.96848,0.96894,0.96954,0.96956,0.97052,0.97088,0.9712,0.97174,0.97168,0.97314,0.972,0.97338,0.97288,0.97342,0.97386,0.97362,0.97348,0.97446,0.9748,0.97542,0.9756,0.97516,0.97586,0.97632,0.97624,0.97662,0.97662,0.97664,0.9769,0.9773,0.97726,0.97786,0.97814,0.97812,0.97776,0.97906,0.97892,0.97906,0.9786,0.97918,0.97926,0.97972,0.97944,0.9797,0.97946,0.97988,0.97984,0.98032,0.98012,0.98052,0.98038,0.9808,0.98068,0.98016,0.98088,0.98082,0.98124,0.9813,0.9811,0.98104,0.98132,0.98168,0.9815,0.98198,0.98132,0.98106,0.98214,0.98232,0.98186,0.9819,0.982,0.9826,0.98264,768.0452651977539
FDIPA,0.1,2,49,10,0.40708,0.7866,0.8643,0.88978,0.90808,0.92126,0.92922,0.9357,0.94012,0.94474,0.9472,0.95008,0.95202,0.95432,0.95642,0.95822,0.95914,0.96018,0.96172,0.96246,0.96314,0.96418,0.96616,0.9666,0.96712,0.9673,0.96756,0.96896,0.96938,0.97,0.96984,0.97154,0.97154,0.97168,0.97222,0.97304,0.9737,0.9734,0.97372,0.9732,0.9739,0.97434,0.97458,0.97492,0.97462,0.97536,0.97534,0.97564,0.97578,0.97598,0.97668,0.9768,0.97708,0.97698,0.97768,0.97742,0.9783,0.97808,0.9775,0.9788,0.97798,0.97876,0.97816,0.97826,0.9788,0.97858,0.9793,0.97886,0.97902,0.97902,0.97948,0.97922,0.97962,0.9793,0.9797,0.98016,0.98024,0.98042,0.98024,0.98098,0.98018,0.98108,0.98102,0.98086,0.98062,0.9811,0.98132,0.98146,0.98122,0.98168,0.98148,0.98164,0.98158,0.98182,0.98132,0.98148,0.98216,0.98188,0.98206,0.9826,951.5116331577301
FDIPA,0.1,2,49,11,0.10352,0.37104,0.61384,0.81312,0.86496,0.8932,0.90742,0.91972,0.92874,0.93546,0.93866,0.9424,0.94644,0.94822,0.95008,0.95302,0.9538,0.95554,0.95592,0.95874,0.95884,0.96052,0.96158,0.9625,0.96316,0.9641,0.96474,0.96546,0.96604,0.96644,0.96692,0.9676,0.96768,0.9687,0.96872,0.96932,0.96986,0.97046,0.9704,0.97038,0.97118,0.97162,0.97178,0.97266,0.97252,0.97312,0.97324,0.9736,0.974,0.97378,0.9738,0.97408,0.97516,0.97512,0.97446,0.97538,0.97534,0.97562,0.97566,0.9757,0.97646,0.97684,0.97722,0.97618,0.97684,0.97744,0.97742,0.97706,0.97738,0.97798,0.97818,0.9782,0.97812,0.97826,0.97846,0.97862,0.979,0.9784,0.97888,0.97922,0.97926,0.979,0.97994,0.97964,0.97972,0.97928,0.97962,0.98004,0.98034,0.97998,0.9804,0.98068,0.98028,0.9804,0.98096,0.98084,0.98094,0.98084,0.98106,0.9808,898.9366054534912
FDIPA,0.1,2,49,12,0.10424,0.36282,0.7177,0.83116,0.87818,0.89684,0.90766,0.91924,0.92592,0.9321,0.93708,0.94164,0.94416,0.94698,0.95014,0.95194,0.95402,0.95576,0.9571,0.95842,0.95964,0.96064,0.9609,0.96352,0.9643,0.96304,0.9656,0.96582,0.96538,0.96712,0.96702,0.96814,0.96832,0.96902,0.96992,0.96986,0.96994,0.97068,0.97086,0.97128,0.97182,0.97128,0.97324,0.97228,0.97366,0.97328,0.97308,0.9741,0.97436,0.9743,0.97518,0.97518,0.97536,0.975,0.97572,0.97548,0.97602,0.97666,0.97684,0.9766,0.9773,0.97698,0.9778,0.97776,0.97776,0.97772,0.978,0.97792,0.97814,0.979,0.97862,0.97864,0.9783,0.97872,0.97918,0.9789,0.97928,0.97928,0.97966,0.97956,0.97954,0.98058,0.98008,0.97976,0.97992,0.9807,0.9804,0.98028,0.9803,0.98054,0.98096,0.98066,0.9805,0.98096,0.98106,0.9809,0.9816,0.98058,0.98148,0.98042,869.2905607223511
FDIPA,0.1,2,49,13,0.7585,0.87506,0.9034,0.91748,0.9262,0.93246,0.93768,0.9429,0.94524,0.94884,0.95078,0.95374,0.9551,0.95744,0.95854,0.95964,0.9605,0.96254,0.96362,0.96464,0.96554,0.96648,0.96734,0.96766,0.96818,0.96914,0.96976,0.97056,0.97116,0.9714,0.97226,0.9725,0.97272,0.97314,0.97384,0.97382,0.97382,0.97414,0.97482,0.97548,0.97534,0.97586,0.97574,0.97624,0.976,0.97602,0.97622,0.97758,0.9767,0.9777,0.97782,0.9773,0.97836,0.97822,0.9789,0.97796,0.97924,0.97916,0.97846,0.9796,0.9797,0.97896,0.97968,0.97992,0.97948,0.9796,0.98066,0.9804,0.9804,0.98032,0.98052,0.98076,0.9811,0.98162,0.98088,0.98132,0.98134,0.98102,0.98148,0.98156,0.98156,0.98212,0.98132,0.98202,0.98196,0.98238,0.98262,0.98198,0.98236,0.98226,0.98228,0.9827,0.98266,0.98266,0.98272,0.98294,0.98272,0.98258,0.98342,0.983,870.769159078598
FDIPA,0.1,2,49,14,0.79944,0.87188,0.8937,0.90716,0.9161,0.92216,0.92724,0.93198,0.93582,0.93946,0.94218,0.94476,0.94692,0.94876,0.95058,0.95144,0.95404,0.9552,0.95644,0.95824,0.95868,0.96032,0.96172,0.96268,0.96372,0.96518,0.96614,0.96678,0.96746,0.96718,0.9682,0.96936,0.96986,0.9709,0.9712,0.97198,0.97238,0.97256,0.97318,0.97306,0.97416,0.97412,0.97434,0.97426,0.97492,0.97476,0.97474,0.97552,0.97598,0.97524,0.97548,0.97614,0.97658,0.9763,0.9771,0.97746,0.97668,0.97716,0.97762,0.9774,0.97786,0.97746,0.97796,0.9773,0.97766,0.97808,0.97846,0.9778,0.97828,0.97854,0.9782,0.9779,0.97802,0.9787,0.9791,0.97866,0.97908,0.97892,0.97886,0.97868,0.97934,0.97932,0.97956,0.97972,0.9793,0.97978,0.98,0.97984,0.97936,0.97952,0.97982,0.97938,0.97958,0.98014,0.98018,0.97968,0.9804,0.9802,0.97998,0.98058,866.3478071689606
FDIPA,0.1,2,49,15,0.78932,0.8694,0.89574,0.91066,0.91946,0.92728,0.93316,0.93802,0.94234,0.94514,0.94766,0.94952,0.95208,0.95464,0.956,0.95822,0.9592,0.96038,0.96152,0.96338,0.96406,0.96594,0.9665,0.96786,0.96848,0.96824,0.96964,0.96996,0.9702,0.9713,0.97124,0.9726,0.97306,0.97324,0.97356,0.97446,0.97422,0.97512,0.97456,0.97502,0.97466,0.97536,0.9752,0.97608,0.97578,0.97614,0.97624,0.97648,0.9772,0.97748,0.97718,0.97728,0.97724,0.97778,0.97816,0.97796,0.97778,0.97804,0.97798,0.97868,0.9782,0.97834,0.97874,0.9789,0.97926,0.9785,0.97894,0.97882,0.97894,0.97872,0.97916,0.97888,0.97976,0.97846,0.97946,0.9801,0.97956,0.9793,0.9794,0.97964,0.9799,0.98018,0.98018,0.9801,0.98032,0.98058,0.98082,0.98034,0.9809,0.98114,0.98104,0.98066,0.98098,0.98012,0.98046,0.98134,0.98072,0.98108,0.98116,0.98162,869.6883463859558
FDIPA,0.1,2,49,16,0.79072,0.88398,0.9077,0.9187,0.9265,0.93408,0.9385,0.94326,0.94608,0.94902,0.95304,0.95586,0.9571,0.9592,0.96164,0.96282,0.9641,0.96474,0.96626,0.96678,0.96762,0.96754,0.96868,0.9698,0.97066,0.97074,0.97216,0.97206,0.97298,0.97356,0.97372,0.97354,0.97458,0.97484,0.97534,0.97478,0.97606,0.97622,0.97642,0.97668,0.97676,0.97712,0.97718,0.9774,0.9783,0.97786,0.97866,0.9786,0.97812,0.97882,0.97934,0.9793,0.97918,0.98004,0.979,0.97926,0.97988,0.98026,0.98022,0.98052,0.98064,0.98012,0.98098,0.9808,0.98068,0.98048,0.98166,0.9818,0.98138,0.98184,0.98156,0.98216,0.98198,0.98154,0.98148,0.98204,0.98222,0.98244,0.98144,0.9824,0.98234,0.98242,0.98286,0.98268,0.98312,0.9834,0.98292,0.98296,0.98294,0.98328,0.9835,0.98366,0.98352,0.9837,0.9836,0.98374,0.98372,0.98332,0.98376,0.98414,867.7048149108887
FDIPA,0.1,2,49,17,0.77824,0.87692,0.90312,0.91548,0.9244,0.93038,0.93504,0.93964,0.94262,0.946,0.94884,0.95184,0.95366,0.95576,0.9577,0.95846,0.95966,0.96122,0.96222,0.9631,0.96404,0.96498,0.9658,0.96654,0.96764,0.9684,0.96918,0.96902,0.96996,0.97038,0.97024,0.97134,0.97092,0.9723,0.9723,0.97304,0.97312,0.9731,0.97358,0.97384,0.9745,0.97372,0.97464,0.97444,0.97472,0.9755,0.97524,0.97596,0.97598,0.9758,0.97568,0.9771,0.9767,0.97734,0.977,0.97756,0.97746,0.97724,0.9774,0.97822,0.97812,0.97848,0.97852,0.97852,0.97878,0.97888,0.97916,0.97948,0.97956,0.97946,0.9794,0.97982,0.9794,0.9803,0.98008,0.97986,0.98024,0.97992,0.98076,0.98092,0.98058,0.98076,0.98104,0.9806,0.98102,0.98104,0.9815,0.9812,0.98086,0.98164,0.98162,0.98186,0.98184,0.98196,0.98174,0.98206,0.98234,0.98276,0.98284,0.98278,865.9100489616394
FDIPA,0.1,2,49,18,0.71938,0.8705,0.89472,0.91206,0.92286,0.92922,0.9359,0.9406,0.9448,0.94802,0.95006,0.95234,0.95428,0.95582,0.95766,0.958,0.95924,0.96064,0.96224,0.96298,0.96396,0.96504,0.96558,0.9667,0.96698,0.9682,0.96814,0.96802,0.96838,0.96962,0.96992,0.97048,0.9703,0.9711,0.97172,0.97278,0.97264,0.97314,0.9734,0.9742,0.97316,0.97416,0.97464,0.97482,0.9756,0.97546,0.97528,0.97626,0.9759,0.976,0.97706,0.97616,0.97678,0.97682,0.97754,0.97776,0.97706,0.97684,0.97762,0.97774,0.97796,0.9773,0.97784,0.97832,0.97818,0.97842,0.9791,0.97954,0.97838,0.97954,0.97988,0.9797,0.97948,0.97972,0.97988,0.98,0.9803,0.97994,0.98038,0.97992,0.97976,0.98068,0.9806,0.98058,0.98066,0.98056,0.98096,0.98122,0.98164,0.9812,0.98206,0.9815,0.98128,0.98186,0.98198,0.98134,0.98146,0.98172,0.98202,0.98156,866.1737298965454
FDIPA,0.1,2,49,19,0.78864,0.86604,0.8933,0.90876,0.91854,0.9257,0.93228,0.93684,0.9405,0.94356,0.94698,0.94852,0.95132,0.9534,0.95526,0.95684,0.95766,0.95966,0.96112,0.9617,0.9627,0.96452,0.9648,0.96568,0.96688,0.96806,0.9676,0.96808,0.96908,0.96946,0.96954,0.97024,0.97052,0.97128,0.9711,0.9717,0.97198,0.97172,0.97244,0.97308,0.97252,0.97264,0.97184,0.97366,0.9736,0.97382,0.974,0.9745,0.97468,0.97454,0.97468,0.97526,0.97506,0.97504,0.97468,0.97464,0.9745,0.97462,0.97556,0.97542,0.9758,0.97584,0.97608,0.97622,0.976,0.97538,0.9761,0.97628,0.9767,0.97646,0.97628,0.9764,0.97688,0.97656,0.97716,0.97722,0.97664,0.97692,0.97776,0.97712,0.97794,0.97792,0.97776,0.97784,0.9778,0.9775,0.97842,0.9779,0.97772,0.97814,0.97836,0.97828,0.97818,0.97882,0.97908,0.97856,0.97868,0.97914,0.97926,0.9791,867.6344196796417
FDIPA,0.1,2,49,20,0.3943,0.79688,0.87508,0.89796,0.91172,0.92114,0.92854,0.9337,0.93924,0.94352,0.9469,0.94826,0.95246,0.95376,0.9562,0.95726,0.95904,0.95996,0.96158,0.96252,0.96434,0.96446,0.96566,0.96672,0.96766,0.96792,0.96882,0.96856,0.9699,0.97044,0.97056,0.97106,0.97246,0.97144,0.9716,0.97316,0.9735,0.97348,0.97396,0.97368,0.97406,0.97466,0.97534,0.97474,0.9758,0.97612,0.97572,0.9766,0.97612,0.97594,0.97678,0.97688,0.97676,0.97772,0.97786,0.97696,0.97782,0.97788,0.978,0.97764,0.97872,0.97804,0.97846,0.97864,0.97848,0.97942,0.97938,0.97922,0.97896,0.97968,0.97978,0.9802,0.98036,0.97968,0.9795,0.97986,0.98048,0.98022,0.98054,0.97986,0.9805,0.98078,0.9806,0.98096,0.98104,0.9805,0.98098,0.98138,0.98148,0.98114,0.98128,0.98104,0.98186,0.98144,0.98166,0.98132,0.98178,0.98184,0.98176,0.98216,865.4957754611969
FDIPA,0.1,2,49,21,0.78842,0.8742,0.90152,0.91584,0.92512,0.9319,0.93718,0.94146,0.94504,0.9479,0.9505,0.9531,0.95526,0.95626,0.95872,0.95882,0.9601,0.96226,0.96196,0.9644,0.96476,0.96598,0.96624,0.96776,0.96818,0.96896,0.96948,0.9701,0.97048,0.97042,0.97116,0.97122,0.97158,0.97198,0.97214,0.9732,0.97318,0.97394,0.97388,0.97414,0.97482,0.97486,0.97484,0.97506,0.97566,0.97606,0.97562,0.97668,0.9765,0.97638,0.97638,0.97642,0.97678,0.97726,0.97698,0.97738,0.97862,0.97822,0.97864,0.97794,0.97768,0.9793,0.97898,0.9787,0.97916,0.97908,0.97902,0.9794,0.97974,0.97964,0.97952,0.97974,0.97974,0.97974,0.9799,0.98018,0.98034,0.97982,0.98048,0.98062,0.98016,0.9804,0.98098,0.98126,0.98056,0.98012,0.98058,0.98124,0.98116,0.98156,0.9813,0.98176,0.98158,0.982,0.9822,0.98214,0.98196,0.98192,0.982,0.98198,860.4208786487579
FDIPA,0.1,2,49,22,0.7775,0.86074,0.89378,0.90992,0.9209,0.92922,0.93474,0.93914,0.94366,0.94706,0.95084,0.95234,0.95502,0.95722,0.95926,0.96012,0.96208,0.9632,0.96356,0.96468,0.96512,0.96536,0.96688,0.967,0.96826,0.96852,0.96968,0.97006,0.96976,0.97106,0.97132,0.97174,0.97178,0.97184,0.97252,0.97266,0.9733,0.9731,0.97416,0.97348,0.97452,0.97476,0.97446,0.9743,0.9754,0.97528,0.97586,0.97536,0.97604,0.9756,0.97576,0.97634,0.97656,0.97656,0.97612,0.97668,0.9771,0.9771,0.9776,0.97732,0.97722,0.97748,0.97742,0.978,0.97786,0.9779,0.9783,0.97836,0.9787,0.97834,0.97842,0.9789,0.97864,0.97926,0.97864,0.97908,0.9789,0.97982,0.9798,0.9795,0.97998,0.97998,0.9802,0.97966,0.98028,0.97958,0.98028,0.9805,0.9808,0.98054,0.98084,0.98096,0.98,0.98,0.98072,0.98126,0.98132,0.9809,0.9812,0.9816,866.7818396091461
FDIPA,0.1,2,49,23,0.42136,0.75116,0.86688,0.89282,0.9076,0.91796,0.92614,0.93278,0.9384,0.9426,0.94576,0.94948,0.95158,0.95368,0.95568,0.95796,0.95926,0.9604,0.96178,0.96312,0.9638,0.96476,0.9656,0.96552,0.9667,0.96768,0.96818,0.96902,0.96878,0.96992,0.97084,0.97092,0.97126,0.97164,0.97282,0.9729,0.97312,0.97284,0.97348,0.97358,0.97426,0.97474,0.97472,0.97488,0.9757,0.9756,0.976,0.97586,0.97588,0.97636,0.97608,0.9771,0.97762,0.97716,0.977,0.97788,0.97706,0.97826,0.97836,0.97854,0.9781,0.97852,0.97892,0.9788,0.97906,0.97962,0.97934,0.97894,0.97986,0.97918,0.97952,0.97974,0.98032,0.97946,0.98044,0.98066,0.98006,0.98024,0.9803,0.98066,0.9809,0.981,0.98132,0.98154,0.98096,0.98076,0.98144,0.98108,0.98136,0.98164,0.98122,0.98174,0.98154,0.98168,0.98148,0.98192,0.98204,0.9824,0.98218,0.98172,859.1980640888214
FDIPA,0.1,2,49,24,0.77708,0.88514,0.9076,0.91882,0.92814,0.93256,0.93822,0.94148,0.94542,0.94812,0.94958,0.95282,0.95468,0.95634,0.95754,0.95898,0.96054,0.96164,0.96304,0.9633,0.964,0.96518,0.96682,0.96662,0.96856,0.96826,0.96918,0.96992,0.96956,0.9709,0.97132,0.97208,0.97238,0.97328,0.97318,0.97366,0.973,0.974,0.97414,0.97426,0.97384,0.97484,0.97576,0.97524,0.97468,0.97554,0.97608,0.97682,0.9765,0.97652,0.97644,0.9763,0.9768,0.97736,0.97742,0.97744,0.97772,0.97796,0.97804,0.97808,0.97826,0.97832,0.9793,0.97886,0.97894,0.97874,0.97954,0.97906,0.97918,0.97976,0.97972,0.97982,0.98006,0.97998,0.97958,0.97996,0.98008,0.98036,0.97978,0.98052,0.98006,0.98052,0.98096,0.98088,0.9806,0.98064,0.98104,0.98086,0.98106,0.98188,0.9815,0.98162,0.98136,0.98198,0.98218,0.98198,0.98184,0.98184,0.98256,0.98124,863.7921540737152
FDIPA,0.1,2,49,25,0.42402,0.76902,0.85818,0.891,0.90848,0.91876,0.92646,0.93316,0.938,0.94244,0.94582,0.94738,0.95026,0.95232,0.95328,0.9549,0.9568,0.95882,0.95954,0.96072,0.96178,0.96232,0.96346,0.9636,0.96552,0.96576,0.96568,0.96724,0.96864,0.96834,0.9689,0.96896,0.96988,0.9708,0.97048,0.97114,0.97154,0.97166,0.97158,0.97274,0.97344,0.9733,0.97306,0.97364,0.97474,0.97448,0.97468,0.97486,0.97454,0.97492,0.97518,0.9755,0.97558,0.97618,0.9759,0.97662,0.97646,0.97614,0.97722,0.97712,0.97714,0.9778,0.97824,0.9776,0.97754,0.97832,0.97742,0.97812,0.97766,0.97722,0.97788,0.97862,0.97834,0.97856,0.97914,0.97928,0.97902,0.9787,0.97956,0.97914,0.9789,0.97898,0.97986,0.97914,0.97994,0.97958,0.97958,0.98052,0.98022,0.98054,0.9803,0.9798,0.98066,0.98062,0.9811,0.98082,0.98136,0.98136,0.98082,0.9815,867.4323289394379
FDIPA,0.1,2,49,26,0.7909,0.88372,0.90814,0.92004,0.92802,0.93448,0.93978,0.94368,0.94714,0.9493,0.95204,0.95436,0.956,0.95778,0.95948,0.96114,0.96232,0.96366,0.96392,0.96524,0.96598,0.96692,0.96758,0.96852,0.96876,0.96996,0.97016,0.97088,0.97136,0.9715,0.97214,0.97276,0.97252,0.97362,0.97424,0.97412,0.97448,0.9748,0.97464,0.9748,0.97528,0.97522,0.97564,0.97688,0.97654,0.97636,0.97682,0.97684,0.97678,0.97752,0.97706,0.97766,0.97784,0.97834,0.97824,0.9781,0.97898,0.9787,0.97906,0.97952,0.97904,0.97936,0.97954,0.97946,0.97892,0.98018,0.9805,0.98074,0.97982,0.98082,0.98014,0.98042,0.98006,0.98066,0.98068,0.98146,0.98112,0.98106,0.98116,0.9808,0.98164,0.98104,0.98138,0.98128,0.98156,0.98194,0.9809,0.98192,0.98248,0.98236,0.9827,0.98246,0.98216,0.9824,0.98244,0.98272,0.9827,0.98278,0.98272,0.983,862.3088765144348
FDIPA,0.1,2,49,27,0.72556,0.87098,0.9013,0.91524,0.92428,0.92938,0.93442,0.93938,0.94224,0.94538,0.94808,0.95084,0.95176,0.9542,0.95592,0.9574,0.95826,0.9595,0.96124,0.96182,0.9628,0.96458,0.96456,0.96528,0.96634,0.96638,0.96776,0.96762,0.9688,0.96886,0.96964,0.96996,0.97112,0.97088,0.97124,0.97222,0.97166,0.97226,0.97282,0.97314,0.97434,0.97426,0.97428,0.97484,0.97462,0.97518,0.9748,0.97584,0.97582,0.9763,0.9762,0.97646,0.97712,0.97736,0.97794,0.97654,0.97782,0.9785,0.97844,0.97814,0.9786,0.97934,0.97874,0.97968,0.97938,0.97966,0.97958,0.98006,0.97956,0.98056,0.98088,0.98008,0.98066,0.98132,0.98116,0.98056,0.98132,0.98136,0.9819,0.98192,0.98202,0.9818,0.98214,0.98156,0.98214,0.9824,0.98236,0.98214,0.98254,0.98222,0.98326,0.98312,0.9827,0.98242,0.9827,0.98314,0.98336,0.98276,0.98314,0.98354,859.8681674003601
FDIPA,0.1,2,49,28,0.78658,0.87928,0.9023,0.91596,0.92422,0.93094,0.93682,0.94104,0.94418,0.9481,0.95056,0.95228,0.9542,0.95556,0.95826,0.96088,0.9613,0.96168,0.96396,0.96442,0.9655,0.96692,0.96692,0.96752,0.9683,0.96878,0.96944,0.96964,0.971,0.97082,0.97128,0.97166,0.97206,0.973,0.97236,0.97346,0.97418,0.9736,0.97424,0.97502,0.97504,0.9755,0.97578,0.97646,0.9761,0.97668,0.97656,0.9767,0.97692,0.97764,0.97774,0.97724,0.9782,0.97872,0.9783,0.9792,0.97874,0.97896,0.9791,0.97942,0.98006,0.9798,0.98034,0.98016,0.98052,0.98034,0.9807,0.9806,0.98082,0.98062,0.98086,0.9816,0.9812,0.9818,0.98174,0.9815,0.98144,0.98238,0.98196,0.98158,0.98188,0.98294,0.98296,0.98266,0.98248,0.9831,0.9831,0.98308,0.98328,0.98334,0.983,0.98298,0.983,0.9834,0.98362,0.98382,0.98338,0.98414,0.9836,0.984,864.5043210983276
FDIPA,0.1,2,49,29,0.79414,0.87312,0.89774,0.91208,0.92038,0.92762,0.93246,0.9369,0.94038,0.94384,0.94618,0.94972,0.95154,0.95462,0.95646,0.95824,0.95988,0.96144,0.96294,0.96396,0.96534,0.96612,0.96698,0.96764,0.96894,0.96976,0.96994,0.97088,0.97188,0.97252,0.97334,0.97372,0.97372,0.9748,0.97508,0.97508,0.97624,0.97602,0.97644,0.97644,0.97686,0.97742,0.9773,0.97726,0.9782,0.9782,0.97862,0.97838,0.97912,0.9786,0.9789,0.97892,0.97904,0.97908,0.97948,0.97896,0.9791,0.9798,0.97964,0.97998,0.97994,0.97984,0.97994,0.98028,0.97974,0.9807,0.98072,0.98034,0.9805,0.98062,0.98116,0.9811,0.98044,0.98106,0.98126,0.98092,0.98116,0.98066,0.98104,0.9813,0.98172,0.98156,0.98122,0.98196,0.98194,0.9814,0.98188,0.98214,0.98216,0.98208,0.98202,0.98234,0.98248,0.98222,0.98276,0.98222,0.9827,0.98278,0.98312,0.98318,863.1522009372711
FDIPA,0.5,2,49,0,0.91126,0.93636,0.94532,0.95234,0.95618,0.96124,0.96266,0.9614,0.96362,0.96414,0.96488,0.96578,0.96584,0.96482,0.9633,0.96518,0.9673,0.9654,0.96668,0.96762,0.96752,0.96808,0.96746,0.96764,0.96758,0.96856,0.9701,0.96978,0.9709,0.97074,0.96954,0.97114,0.96892,0.9697,0.9708,0.96846,0.97088,0.96916,0.96894,0.96818,0.97088,0.97066,0.97092,0.96974,0.97132,0.9704,0.97118,0.97102,0.97078,0.97032,0.9714,0.96954,0.97096,0.9708,0.97066,0.97106,0.97234,0.9723,0.97218,0.9712,0.97346,0.97246,0.97162,0.97032,0.97258,0.96954,0.97102,0.97096,0.97326,0.9729,0.97082,0.97124,0.97138,0.97192,0.973,0.9703,0.97228,0.9687,0.97156,0.97238,0.9724,0.97144,0.97156,0.9724,0.97166,0.96946,0.97098,0.96982,0.97242,0.97216,0.97164,0.97364,0.97136,0.97146,0.97192,0.97034,0.97202,0.97252,0.9709,0.97366,1012.0713782310486
FDIPA,0.5,2,49,1,0.91704,0.93784,0.9486,0.95462,0.95576,0.9595,0.96204,0.96266,0.96194,0.96388,0.96636,0.96666,0.96714,0.96744,0.96772,0.9664,0.96718,0.9681,0.9681,0.96762,0.96972,0.96982,0.96968,0.97062,0.96834,0.9701,0.9676,0.97062,0.96916,0.97032,0.97172,0.96962,0.97294,0.96814,0.97076,0.9712,0.9718,0.9723,0.97238,0.97332,0.97366,0.97174,0.96884,0.9706,0.97202,0.9705,0.9713,0.97348,0.97406,0.97294,0.97204,0.97282,0.97272,0.97158,0.97246,0.97104,0.97052,0.97308,0.97128,0.97214,0.97174,0.97264,0.97068,0.96984,0.97136,0.97392,0.97456,0.97318,0.97142,0.97296,0.97358,0.97092,0.9745,0.97176,0.97214,0.97326,0.97266,0.97254,0.97286,0.97304,0.96958,0.97326,0.97358,0.97162,0.97146,0.97122,0.97328,0.97252,0.97242,0.97296,0.97338,0.97364,0.97106,0.97284,0.97344,0.97068,0.97492,0.97276,0.97486,0.974,943.3332405090332
FDIPA,0.5,2,49,2,0.91486,0.9389,0.94984,0.95622,0.95864,0.9613,0.9625,0.96398,0.96476,0.96332,0.96508,0.96406,0.96622,0.96582,0.96536,0.96758,0.96542,0.96832,0.96712,0.96688,0.96756,0.96928,0.97022,0.97014,0.97016,0.96926,0.96826,0.96942,0.9711,0.97032,0.97056,0.97162,0.96818,0.96772,0.96928,0.96916,0.97076,0.97144,0.9693,0.97238,0.97068,0.97252,0.9707,0.97066,0.97054,0.97266,0.97178,0.97092,0.97084,0.97344,0.97216,0.97126,0.9715,0.97214,0.97124,0.96956,0.97352,0.97208,0.97262,0.97216,0.97292,0.97292,0.974,0.9706,0.97124,0.97092,0.97008,0.97204,0.97384,0.97276,0.97284,0.97092,0.97336,0.9731,0.97082,0.9719,0.9701,0.97342,0.973,0.97226,0.97208,0.97396,0.97142,0.97366,0.97396,0.973,0.97334,0.97508,0.97354,0.97408,0.9735,0.97332,0.97298,0.9729,0.97316,0.9745,0.97258,0.97146,0.97278,0.97286,758.5766861438751
FDIPA,0.5,2,49,3,0.84956,0.91076,0.93562,0.94494,0.95054,0.9543,0.95424,0.95546,0.95826,0.96298,0.96068,0.96126,0.96092,0.96166,0.96462,0.96292,0.96336,0.96288,0.96546,0.9646,0.96568,0.96458,0.96724,0.9654,0.96668,0.96744,0.96828,0.96662,0.96808,0.96854,0.96828,0.96794,0.96798,0.96848,0.96858,0.9699,0.96586,0.96894,0.97076,0.96976,0.96874,0.96928,0.96852,0.96656,0.9679,0.9696,0.9678,0.9692,0.96848,0.97052,0.96976,0.96984,0.97054,0.96874,0.97044,0.96996,0.97038,0.9692,0.97048,0.97046,0.96916,0.97112,0.96954,0.9698,0.97,0.9698,0.96966,0.96882,0.96866,0.96948,0.97206,0.97052,0.97216,0.97078,0.97138,0.97132,0.97126,0.97244,0.97024,0.97122,0.97172,0.97204,0.97112,0.971,0.97244,0.97056,0.97196,0.972,0.97164,0.97022,0.9716,0.97226,0.97228,0.97248,0.97176,0.97218,0.9715,0.97288,0.97144,0.97058,727.6666338443756
FDIPA,0.5,2,49,4,0.9147,0.93486,0.94834,0.95224,0.9547,0.95848,0.95834,0.96332,0.96252,0.96416,0.96458,0.96274,0.96538,0.9661,0.96588,0.96618,0.96648,0.96842,0.96762,0.96576,0.96794,0.96628,0.96694,0.96846,0.96838,0.9686,0.96706,0.96904,0.969,0.96746,0.9692,0.96698,0.96878,0.96846,0.96894,0.96796,0.968,0.96824,0.96772,0.97014,0.96868,0.96838,0.969,0.96858,0.96796,0.96914,0.96992,0.97008,0.97046,0.96992,0.9711,0.97086,0.97012,0.96994,0.9713,0.96874,0.96932,0.97,0.9702,0.97112,0.9699,0.96924,0.96978,0.96912,0.9693,0.96976,0.97078,0.96694,0.96918,0.96988,0.9714,0.97006,0.96888,0.968,0.97,0.96862,0.97112,0.96908,0.97118,0.96992,0.96898,0.96986,0.97152,0.96996,0.97126,0.97158,0.96936,0.9668,0.96942,0.97018,0.97088,0.9709,0.9726,0.97268,0.97248,0.96858,0.96364,0.96972,0.96984,0.96988,724.1387600898743
FDIPA,0.5,2,49,5,0.88842,0.92878,0.93954,0.94726,0.95242,0.9533,0.95778,0.95758,0.95882,0.96208,0.96298,0.96162,0.96222,0.96362,0.96374,0.96328,0.96732,0.9657,0.9653,0.96516,0.96526,0.96674,0.96698,0.96702,0.96668,0.96918,0.9684,0.96822,0.96776,0.9684,0.97024,0.96904,0.96962,0.96912,0.96938,0.9698,0.9705,0.96876,0.9698,0.96786,0.97168,0.9717,0.97226,0.97092,0.97076,0.97118,0.97096,0.97012,0.97102,0.9696,0.96996,0.96826,0.97016,0.9708,0.97122,0.9708,0.9703,0.97108,0.9698,0.9709,0.9705,0.97224,0.97028,0.96984,0.97114,0.97216,0.97266,0.97158,0.97162,0.97152,0.9712,0.97098,0.97116,0.97214,0.97134,0.9696,0.97254,0.97122,0.97196,0.97236,0.97212,0.97228,0.97336,0.96976,0.97258,0.9698,0.97222,0.97316,0.97192,0.97256,0.97242,0.9718,0.97218,0.97322,0.97188,0.97286,0.97154,0.97098,0.97306,0.97232,729.584796667099
FDIPA,0.5,2,49,6,0.91912,0.94062,0.94766,0.95742,0.95932,0.96472,0.96218,0.96132,0.96254,0.96542,0.96612,0.96762,0.96578,0.96822,0.96796,0.9681,0.96902,0.97068,0.96788,0.97066,0.96958,0.97184,0.97,0.9716,0.9727,0.96934,0.972,0.97086,0.97214,0.97116,0.97094,0.97252,0.97186,0.9729,0.97212,0.97184,0.97296,0.9688,0.9723,0.97132,0.97058,0.97266,0.9701,0.97216,0.97268,0.9705,0.97342,0.97268,0.97174,0.972,0.97106,0.97124,0.97042,0.97078,0.97312,0.97108,0.97326,0.97284,0.9733,0.97176,0.97306,0.97356,0.97242,0.97236,0.97218,0.97284,0.97336,0.97208,0.9723,0.9735,0.97408,0.97382,0.97282,0.97098,0.97378,0.9746,0.97356,0.97108,0.9726,0.97422,0.9727,0.97346,0.97356,0.97368,0.97402,0.97358,0.97354,0.9747,0.9735,0.97122,0.97224,0.97166,0.9746,0.97242,0.97166,0.97384,0.97484,0.97364,0.97382,0.97124,724.9600882530212
FDIPA,0.5,2,49,7,0.91386,0.93762,0.94916,0.95584,0.96008,0.96374,0.96248,0.96116,0.96468,0.96394,0.96702,0.96414,0.96786,0.96704,0.96632,0.96558,0.9671,0.96712,0.96762,0.96956,0.9685,0.9672,0.96758,0.96548,0.96778,0.96752,0.97028,0.9685,0.96472,0.96742,0.96774,0.96866,0.96834,0.96974,0.9707,0.9685,0.96894,0.96902,0.96906,0.96914,0.97032,0.96802,0.97002,0.97096,0.97044,0.97032,0.97028,0.97198,0.96908,0.96984,0.96854,0.97062,0.96896,0.9693,0.97018,0.9703,0.96902,0.96988,0.971,0.97008,0.97018,0.9699,0.9702,0.96976,0.9706,0.96928,0.97152,0.96922,0.96978,0.97166,0.96932,0.9709,0.97058,0.96812,0.97088,0.97052,0.97226,0.96988,0.97244,0.9703,0.97048,0.96996,0.9683,0.97058,0.97108,0.97176,0.97018,0.96914,0.9683,0.9709,0.97024,0.97052,0.97108,0.96948,0.97136,0.97204,0.9727,0.97216,0.96584,0.97126,725.5048916339874
FDIPA,0.5,2,49,8,0.91092,0.93494,0.94952,0.95462,0.9603,0.9634,0.96304,0.96048,0.96536,0.96514,0.96532,0.96506,0.96676,0.96258,0.9679,0.96618,0.96636,0.96656,0.96944,0.96802,0.96796,0.96744,0.96988,0.97008,0.97062,0.97126,0.96966,0.9714,0.96988,0.97076,0.96952,0.97088,0.97124,0.9704,0.97128,0.97194,0.97048,0.97044,0.97,0.97012,0.97222,0.97192,0.97118,0.97068,0.96872,0.97118,0.97326,0.9712,0.97182,0.97096,0.96874,0.97236,0.9705,0.96944,0.97022,0.96922,0.97146,0.9717,0.9726,0.97214,0.97152,0.9716,0.96946,0.97216,0.97304,0.9723,0.97156,0.9721,0.97162,0.97248,0.9746,0.9722,0.9729,0.97134,0.97192,0.97284,0.9711,0.97274,0.97132,0.97156,0.97026,0.97008,0.97038,0.97348,0.9717,0.97166,0.97282,0.9732,0.97214,0.97174,0.97236,0.97314,0.97206,0.97188,0.97326,0.97082,0.97236,0.972,0.9712,0.9709,723.650720834732
FDIPA,0.5,2,49,9,0.90522,0.93486,0.9455,0.95094,0.95518,0.95996,0.96252,0.9621,0.96206,0.96372,0.96522,0.96588,0.96432,0.96732,0.96782,0.96696,0.96592,0.9666,0.96698,0.9657,0.96808,0.96894,0.96656,0.96834,0.96722,0.96724,0.9671,0.96962,0.96934,0.9696,0.96668,0.97084,0.9674,0.96936,0.96922,0.96966,0.97092,0.97066,0.9711,0.97016,0.9697,0.96872,0.96938,0.96802,0.9705,0.96908,0.97062,0.9704,0.97052,0.97002,0.97054,0.97098,0.9697,0.97096,0.97016,0.96844,0.9714,0.96988,0.96866,0.96966,0.96982,0.9703,0.9692,0.96964,0.97054,0.96942,0.97156,0.972,0.96954,0.97122,0.97176,0.97042,0.9709,0.97202,0.97196,0.97008,0.97294,0.97218,0.97298,0.9703,0.97012,0.97158,0.97114,0.97118,0.97026,0.96804,0.96988,0.9718,0.97204,0.97146,0.97274,0.97112,0.97028,0.97034,0.9716,0.97052,0.97176,0.97206,0.9715,0.97232,718.7763679027557
FDIPA,0.5,2,49,10,0.8939,0.9297,0.94342,0.94922,0.9549,0.95702,0.95912,0.95954,0.9632,0.9639,0.96324,0.96464,0.96452,0.96392,0.96568,0.96724,0.96636,0.9679,0.96746,0.96872,0.9683,0.96812,0.9685,0.9689,0.968,0.96886,0.96676,0.96764,0.96804,0.96782,0.96726,0.96974,0.96926,0.97086,0.97072,0.96892,0.9695,0.97,0.97026,0.96706,0.96946,0.96876,0.96944,0.97088,0.9697,0.96788,0.96962,0.96934,0.97018,0.97032,0.96984,0.96868,0.96964,0.96868,0.97,0.96928,0.971,0.97102,0.96878,0.97096,0.9676,0.97104,0.9694,0.9698,0.97028,0.96992,0.96996,0.97082,0.9699,0.97128,0.97118,0.96964,0.9701,0.9695,0.97186,0.97154,0.96964,0.97014,0.97062,0.9712,0.97092,0.97018,0.97078,0.97202,0.96958,0.96954,0.96904,0.97278,0.97106,0.97354,0.97206,0.9729,0.97162,0.97172,0.97106,0.97204,0.9723,0.97202,0.97212,0.97246,860.1385016441345
FDIPA,0.5,2,49,11,0.8462,0.92224,0.93622,0.94628,0.95246,0.95756,0.95884,0.9602,0.96244,0.96414,0.9659,0.9662,0.9667,0.96652,0.9675,0.9673,0.96758,0.96918,0.9654,0.96926,0.96784,0.97032,0.9714,0.97124,0.97054,0.97202,0.97068,0.97042,0.97196,0.97064,0.97018,0.9699,0.96998,0.9706,0.96758,0.97004,0.97142,0.97072,0.9704,0.9672,0.96918,0.9716,0.9693,0.9712,0.97196,0.9713,0.97056,0.97016,0.96966,0.96886,0.9678,0.96954,0.9713,0.97084,0.96992,0.97302,0.97206,0.96992,0.97192,0.97144,0.97122,0.97266,0.97092,0.9716,0.97328,0.97234,0.97156,0.97204,0.9714,0.9729,0.96974,0.9714,0.97106,0.97162,0.97236,0.97136,0.97002,0.97114,0.97242,0.96968,0.97088,0.97306,0.97304,0.97264,0.97314,0.9717,0.97138,0.97324,0.97276,0.97316,0.97232,0.97294,0.97452,0.9724,0.97356,0.9716,0.9699,0.97284,0.97154,0.97112,867.6078357696533
FDIPA,0.5,2,49,12,0.85182,0.9132,0.93896,0.94652,0.95078,0.9558,0.95648,0.95812,0.958,0.96078,0.96118,0.96366,0.96088,0.96502,0.9636,0.9642,0.96416,0.96562,0.96446,0.96402,0.96402,0.96332,0.96518,0.96608,0.96614,0.96302,0.96796,0.96668,0.96426,0.96678,0.9642,0.96656,0.9678,0.969,0.96694,0.9669,0.96294,0.96816,0.9668,0.96746,0.96878,0.96634,0.96824,0.96844,0.96856,0.96766,0.96764,0.9705,0.97106,0.96772,0.97042,0.96766,0.9683,0.9689,0.9692,0.96876,0.968,0.96708,0.96994,0.9684,0.97032,0.97112,0.96902,0.9693,0.96994,0.97086,0.97044,0.9708,0.97048,0.971,0.96798,0.96948,0.96658,0.96888,0.97074,0.96816,0.96902,0.96818,0.97142,0.9701,0.96894,0.97048,0.97114,0.96908,0.96946,0.97218,0.96876,0.97106,0.97004,0.97064,0.97082,0.971,0.96964,0.97,0.97066,0.9707,0.97036,0.97018,0.97052,0.97016,867.2779970169067
FDIPA,0.5,2,49,13,0.91446,0.93796,0.94684,0.95356,0.95808,0.95892,0.96108,0.96408,0.96462,0.9657,0.9654,0.96768,0.96454,0.96838,0.96528,0.9684,0.96638,0.96852,0.96814,0.96852,0.96918,0.96778,0.9677,0.96748,0.96846,0.96826,0.96734,0.97034,0.96996,0.96788,0.97028,0.96992,0.96942,0.96886,0.97004,0.96782,0.96972,0.97074,0.96882,0.96986,0.96938,0.9707,0.96886,0.96834,0.96912,0.97172,0.96848,0.97052,0.96946,0.9697,0.96892,0.97014,0.97154,0.9708,0.97084,0.96916,0.9698,0.97094,0.96932,0.9705,0.97016,0.96988,0.97022,0.96954,0.96972,0.96872,0.97116,0.97098,0.97018,0.9718,0.97012,0.9717,0.97208,0.97292,0.97058,0.97114,0.97094,0.96918,0.97116,0.97072,0.9712,0.9707,0.96798,0.9705,0.97034,0.97028,0.97086,0.97088,0.97144,0.96886,0.97042,0.97156,0.9717,0.97034,0.9705,0.97064,0.96962,0.96926,0.97194,0.97236,876.2294237613678
FDIPA,0.5,2,49,14,0.91166,0.93424,0.9456,0.95246,0.95564,0.9616,0.96096,0.96272,0.9641,0.96632,0.96326,0.9644,0.9662,0.96568,0.9636,0.9628,0.96682,0.96626,0.96632,0.96602,0.9679,0.967,0.96554,0.96722,0.96786,0.9669,0.96898,0.96614,0.96904,0.96694,0.96752,0.96962,0.96884,0.96906,0.97008,0.96814,0.9697,0.96956,0.97156,0.96968,0.97036,0.9696,0.9695,0.96946,0.97056,0.96958,0.97088,0.9686,0.9693,0.9696,0.96968,0.97,0.96856,0.9677,0.96948,0.97068,0.96666,0.9701,0.97092,0.97144,0.97,0.96994,0.97054,0.97002,0.9704,0.96796,0.97138,0.9723,0.97014,0.9682,0.9688,0.96788,0.97072,0.9712,0.97006,0.97194,0.9693,0.97014,0.97086,0.97012,0.97068,0.9713,0.97204,0.96956,0.96976,0.97078,0.97186,0.96814,0.96958,0.97124,0.97242,0.9708,0.97164,0.97166,0.96874,0.97076,0.9707,0.9703,0.97046,0.97128,866.5817220211029
FDIPA,0.5,2,49,15,0.91476,0.93808,0.94956,0.95662,0.95728,0.9599,0.96354,0.96644,0.9669,0.96442,0.96664,0.96678,0.96746,0.96698,0.9667,0.96712,0.96596,0.96506,0.96582,0.96774,0.9704,0.96862,0.9687,0.96872,0.97,0.96972,0.97076,0.96872,0.97074,0.9688,0.96748,0.97106,0.9701,0.9718,0.9716,0.97068,0.97064,0.97226,0.97122,0.97146,0.96962,0.9713,0.9712,0.97092,0.97276,0.97036,0.97234,0.9719,0.97234,0.97392,0.97188,0.97066,0.97262,0.97334,0.9723,0.9722,0.9717,0.97316,0.97202,0.97188,0.9718,0.9715,0.97228,0.97288,0.97298,0.9719,0.96932,0.97172,0.97058,0.97134,0.97174,0.97274,0.97272,0.97172,0.97192,0.97208,0.97328,0.97108,0.96974,0.97136,0.9729,0.97106,0.97248,0.9721,0.97128,0.97268,0.97234,0.97196,0.97326,0.973,0.97208,0.97324,0.97242,0.97172,0.97176,0.97332,0.97166,0.97238,0.97222,0.97192,870.4094076156616
FDIPA,0.5,2,49,16,0.91912,0.94198,0.95374,0.95762,0.96148,0.96104,0.9635,0.9662,0.96424,0.96368,0.96578,0.96608,0.96706,0.96842,0.96806,0.9687,0.96882,0.97074,0.96824,0.96742,0.97002,0.96962,0.96988,0.9696,0.97066,0.96914,0.96916,0.9681,0.97104,0.9691,0.97004,0.97016,0.97032,0.97008,0.97092,0.9675,0.97054,0.96956,0.97062,0.96952,0.96998,0.971,0.969,0.96948,0.97156,0.9697,0.97142,0.97162,0.97006,0.97144,0.97032,0.96966,0.96932,0.9694,0.96958,0.97034,0.96992,0.9707,0.9691,0.97178,0.97024,0.96994,0.96936,0.97018,0.9708,0.97126,0.97114,0.97216,0.96994,0.97064,0.97134,0.97174,0.97204,0.97012,0.96646,0.96956,0.9698,0.97016,0.9692,0.97112,0.97098,0.97074,0.97152,0.97168,0.97218,0.97214,0.9716,0.97152,0.97068,0.97232,0.97154,0.9729,0.97322,0.9717,0.97192,0.97296,0.9712,0.97134,0.97294,0.97222,870.2602574825287
FDIPA,0.5,2,49,17,0.91596,0.9396,0.95124,0.95164,0.9577,0.96104,0.96076,0.9628,0.9632,0.9634,0.96222,0.96428,0.96444,0.96544,0.96622,0.96604,0.96734,0.96754,0.96808,0.96532,0.96914,0.96738,0.9683,0.96666,0.96908,0.96618,0.96776,0.96684,0.97046,0.96914,0.96992,0.96744,0.96896,0.97044,0.9702,0.97146,0.9703,0.97104,0.97062,0.9698,0.97058,0.96968,0.97188,0.96888,0.96942,0.97138,0.97152,0.97248,0.97112,0.97016,0.96974,0.97182,0.9683,0.9702,0.97218,0.97078,0.97084,0.97052,0.97132,0.9698,0.96942,0.97162,0.97112,0.97192,0.97134,0.97106,0.97254,0.97162,0.9738,0.9691,0.97184,0.97214,0.97232,0.97222,0.97054,0.97056,0.97234,0.9717,0.97144,0.97104,0.97126,0.97198,0.97296,0.972,0.96936,0.97128,0.97326,0.97136,0.97156,0.9712,0.97292,0.9732,0.97228,0.97278,0.96896,0.97066,0.97166,0.97174,0.96934,0.97034,864.5310504436493
FDIPA,0.5,2,49,18,0.90754,0.93844,0.94426,0.94958,0.95504,0.9552,0.95874,0.96048,0.96248,0.9636,0.96102,0.96426,0.9643,0.96644,0.96566,0.96634,0.96344,0.96642,0.96822,0.96834,0.968,0.96796,0.9693,0.96768,0.96896,0.969,0.96934,0.9682,0.96688,0.97012,0.96826,0.96924,0.96898,0.96964,0.96966,0.96914,0.96844,0.9678,0.9716,0.97054,0.96956,0.96916,0.97068,0.96902,0.97252,0.96988,0.9712,0.97178,0.97076,0.96752,0.97358,0.97164,0.97046,0.96942,0.97084,0.97134,0.97176,0.97016,0.9704,0.97022,0.97012,0.969,0.96772,0.97176,0.97274,0.97132,0.97032,0.97018,0.96968,0.97234,0.9731,0.9721,0.97038,0.97208,0.9718,0.97274,0.9718,0.97128,0.97234,0.97146,0.97144,0.96924,0.97086,0.97148,0.972,0.97252,0.97262,0.97166,0.97282,0.97064,0.9725,0.97032,0.97016,0.97298,0.97152,0.97264,0.97238,0.97252,0.97136,0.9712,866.1120491027832
FDIPA,0.5,2,49,19,0.91196,0.9379,0.94624,0.95586,0.95576,0.96042,0.95988,0.95972,0.9606,0.96256,0.96148,0.96512,0.96444,0.96342,0.96608,0.965,0.9607,0.96604,0.96598,0.9667,0.9678,0.96806,0.96838,0.9683,0.96852,0.96988,0.96784,0.96676,0.96814,0.9703,0.96812,0.96896,0.9698,0.96996,0.96894,0.97034,0.96928,0.96986,0.9707,0.97208,0.96924,0.97012,0.96886,0.97182,0.96974,0.97094,0.97,0.97034,0.97112,0.97126,0.97196,0.97184,0.97246,0.97128,0.9711,0.969,0.97094,0.9711,0.97278,0.97096,0.97302,0.97238,0.96984,0.9703,0.97122,0.97038,0.97168,0.97292,0.9695,0.97226,0.97086,0.97102,0.97128,0.97282,0.97242,0.97108,0.9693,0.97238,0.97242,0.97198,0.97262,0.9727,0.9727,0.97304,0.97282,0.9722,0.97092,0.97092,0.97032,0.9719,0.9716,0.9713,0.97164,0.97238,0.97206,0.9726,0.97144,0.97162,0.97402,0.97202,867.834203004837
FDIPA,0.5,2,49,20,0.8996,0.9314,0.94372,0.95076,0.95384,0.95728,0.96,0.95962,0.96176,0.96206,0.96272,0.96292,0.9646,0.96596,0.96648,0.96504,0.96726,0.96686,0.96752,0.96656,0.968,0.96528,0.96718,0.96898,0.96828,0.97032,0.96696,0.96696,0.96736,0.9696,0.96782,0.96952,0.9702,0.96798,0.96808,0.96874,0.96744,0.96884,0.96916,0.96996,0.97014,0.9689,0.96978,0.96968,0.97074,0.96902,0.96794,0.96822,0.96928,0.96752,0.97022,0.96968,0.96958,0.97092,0.96976,0.96716,0.9695,0.9693,0.97054,0.97054,0.96986,0.96956,0.97048,0.96788,0.96754,0.97176,0.9697,0.97072,0.97024,0.97072,0.97064,0.97016,0.9698,0.96958,0.96976,0.97106,0.97146,0.97142,0.971,0.97204,0.97204,0.97116,0.97048,0.97192,0.97066,0.97178,0.97024,0.97046,0.96954,0.97152,0.97212,0.97074,0.97104,0.97064,0.97028,0.9708,0.97044,0.96934,0.97174,0.97198,868.0226638317108
FDIPA,0.5,2,49,21,0.91844,0.9393,0.94914,0.9537,0.95688,0.95958,0.96138,0.95866,0.96286,0.96314,0.96218,0.96356,0.9661,0.9646,0.96792,0.96674,0.96672,0.96692,0.96728,0.96814,0.9666,0.96864,0.96826,0.96798,0.9684,0.96994,0.97026,0.96884,0.96902,0.96936,0.97058,0.96962,0.96794,0.96862,0.96898,0.97034,0.97038,0.97074,0.97118,0.96962,0.97042,0.97074,0.96914,0.96968,0.9708,0.97044,0.96544,0.97078,0.97204,0.97202,0.97112,0.9696,0.96872,0.97066,0.97044,0.9678,0.97108,0.96946,0.97108,0.96838,0.97062,0.97102,0.9723,0.97148,0.97112,0.9726,0.9714,0.97124,0.97226,0.9706,0.9706,0.97098,0.9702,0.97112,0.97216,0.96878,0.97272,0.97024,0.97174,0.97234,0.97114,0.97076,0.97002,0.97228,0.9736,0.96902,0.9727,0.97224,0.97274,0.97282,0.97204,0.97246,0.97122,0.9722,0.97106,0.97004,0.97278,0.97174,0.97154,0.97202,863.0730848312378
FDIPA,0.5,2,49,22,0.91258,0.9396,0.95066,0.95616,0.95986,0.96016,0.96284,0.96178,0.96334,0.96278,0.96352,0.9644,0.96558,0.96688,0.96716,0.96452,0.96784,0.96596,0.96694,0.96776,0.96746,0.96712,0.96678,0.9671,0.96692,0.96832,0.96716,0.96836,0.96672,0.9698,0.96924,0.96848,0.9692,0.9687,0.96736,0.96836,0.96902,0.96788,0.9692,0.96844,0.96996,0.97036,0.96992,0.96868,0.96932,0.9692,0.96936,0.96624,0.96734,0.96894,0.96934,0.97084,0.97016,0.96906,0.96706,0.96854,0.96908,0.96566,0.9699,0.96936,0.96946,0.96934,0.96712,0.96992,0.97042,0.96922,0.96902,0.96884,0.9718,0.9689,0.96938,0.9713,0.96912,0.96954,0.9676,0.97042,0.96852,0.97216,0.9693,0.97098,0.97006,0.9707,0.96978,0.97136,0.97056,0.96904,0.97108,0.97182,0.97114,0.97126,0.97134,0.97026,0.96854,0.96782,0.96866,0.9695,0.97024,0.97016,0.97104,0.97052,865.6212117671967
FDIPA,0.5,2,49,23,0.89566,0.9302,0.9435,0.95108,0.95026,0.95708,0.9588,0.96006,0.95626,0.96192,0.96332,0.96494,0.96468,0.966,0.96568,0.96578,0.96706,0.96766,0.9664,0.96666,0.96532,0.96866,0.96814,0.9673,0.96716,0.9673,0.96558,0.96842,0.96652,0.9679,0.96912,0.9666,0.96934,0.9689,0.9701,0.9685,0.96772,0.9669,0.96858,0.96976,0.96842,0.97062,0.97016,0.96864,0.97102,0.97002,0.97014,0.9698,0.97038,0.9721,0.96764,0.96898,0.96894,0.96832,0.96948,0.97028,0.96754,0.97016,0.96982,0.97032,0.96948,0.97032,0.97108,0.97042,0.96914,0.97092,0.96534,0.96962,0.97112,0.96852,0.96976,0.97014,0.97106,0.96892,0.97072,0.97046,0.9678,0.97114,0.97068,0.97064,0.97084,0.96966,0.9702,0.9711,0.97064,0.97172,0.9708,0.97236,0.97086,0.97248,0.97108,0.97142,0.97038,0.97038,0.97118,0.96892,0.97102,0.9698,0.97042,0.97162,867.1990056037903
FDIPA,0.5,2,49,24,0.92074,0.93986,0.9473,0.9549,0.9594,0.95882,0.95936,0.96164,0.96344,0.96434,0.9643,0.96618,0.96752,0.96638,0.96542,0.96456,0.96794,0.96722,0.96804,0.96918,0.96648,0.9669,0.96778,0.9695,0.9696,0.9688,0.96934,0.9681,0.9688,0.96792,0.96814,0.97054,0.97168,0.96882,0.96902,0.96956,0.96804,0.9682,0.9698,0.96918,0.9676,0.97032,0.97044,0.9697,0.96746,0.9704,0.96936,0.9706,0.97208,0.97142,0.97028,0.96934,0.97128,0.97172,0.97184,0.97058,0.97142,0.96986,0.9718,0.9704,0.9712,0.97058,0.97104,0.97146,0.97098,0.97294,0.97098,0.97142,0.97244,0.97204,0.97084,0.97188,0.97122,0.97164,0.9706,0.9717,0.9689,0.97252,0.97228,0.97114,0.97244,0.96932,0.97118,0.972,0.97132,0.96848,0.9719,0.971,0.97324,0.9726,0.97322,0.97414,0.9733,0.9733,0.9739,0.97438,0.97288,0.97192,0.97326,0.97298,868.1269364356995
FDIPA,0.5,2,49,25,0.89284,0.93174,0.9439,0.94652,0.95384,0.95588,0.95576,0.96018,0.96212,0.9638,0.96434,0.96184,0.96588,0.96626,0.96624,0.96436,0.96696,0.96698,0.96674,0.96726,0.96636,0.96892,0.96776,0.96858,0.96978,0.97048,0.96642,0.9692,0.97092,0.97076,0.96932,0.96908,0.96964,0.96962,0.96944,0.96996,0.9699,0.96922,0.96588,0.97072,0.97064,0.9698,0.96954,0.97024,0.96922,0.96994,0.97046,0.97058,0.9708,0.97086,0.9713,0.9722,0.97044,0.96984,0.96988,0.97164,0.9716,0.97048,0.97134,0.97038,0.97052,0.97328,0.96978,0.97194,0.97238,0.97214,0.9712,0.97154,0.96958,0.97076,0.9705,0.97316,0.97196,0.97228,0.97184,0.97294,0.97228,0.97102,0.97358,0.97098,0.97378,0.97078,0.97324,0.96832,0.97152,0.97168,0.97108,0.9718,0.97372,0.97384,0.97078,0.97236,0.97186,0.97064,0.97158,0.97198,0.97256,0.973,0.97146,0.97182,869.6032249927521
FDIPA,0.5,2,49,26,0.92114,0.94136,0.94984,0.95516,0.95798,0.95916,0.96102,0.964,0.96496,0.96656,0.9662,0.96672,0.96386,0.96794,0.96766,0.9696,0.96952,0.96946,0.97022,0.96908,0.97054,0.97016,0.97058,0.96896,0.96898,0.97024,0.97004,0.97096,0.97184,0.96984,0.97158,0.97272,0.97158,0.97262,0.97206,0.9717,0.97296,0.97222,0.97338,0.97014,0.97274,0.97102,0.97198,0.97274,0.9725,0.9727,0.9717,0.9723,0.97158,0.97232,0.97214,0.972,0.97224,0.97264,0.9736,0.97126,0.9722,0.97216,0.97216,0.97294,0.97068,0.97224,0.97302,0.97262,0.96942,0.97364,0.97272,0.97334,0.97182,0.97324,0.97182,0.97428,0.9724,0.9739,0.97166,0.97372,0.97354,0.97336,0.97332,0.97264,0.97438,0.97182,0.97336,0.97212,0.97346,0.97322,0.97094,0.97312,0.97308,0.97194,0.97258,0.9727,0.97198,0.9724,0.97242,0.97394,0.97392,0.97392,0.97364,0.97072,867.1045446395874
FDIPA,0.5,2,49,27,0.91472,0.9287,0.94416,0.95066,0.95542,0.95322,0.95968,0.96218,0.962,0.96294,0.96394,0.96386,0.9645,0.96508,0.96582,0.96702,0.9656,0.96774,0.96762,0.96828,0.96898,0.96898,0.96762,0.96722,0.96658,0.96728,0.96762,0.96832,0.97002,0.9683,0.96758,0.96914,0.96892,0.97022,0.9663,0.96984,0.97022,0.96694,0.97034,0.96964,0.97208,0.9703,0.9704,0.96932,0.97088,0.97132,0.96552,0.96982,0.9706,0.9709,0.96736,0.96824,0.97086,0.96862,0.96822,0.96886,0.96972,0.96968,0.96966,0.9702,0.97064,0.97158,0.9733,0.97078,0.96936,0.96836,0.96994,0.9672,0.96898,0.9715,0.97048,0.96934,0.97028,0.97092,0.97082,0.96996,0.9709,0.97034,0.97122,0.9699,0.97188,0.9696,0.97064,0.9699,0.97054,0.97122,0.97134,0.9712,0.97252,0.96826,0.972,0.97222,0.97162,0.97088,0.97044,0.9716,0.97168,0.96954,0.97026,0.97174,862.0019249916077
FDIPA,0.5,2,49,28,0.9155,0.93834,0.94792,0.95532,0.95906,0.95968,0.9633,0.962,0.96448,0.96534,0.96578,0.96602,0.96302,0.96546,0.96684,0.96776,0.9679,0.96712,0.96866,0.967,0.96686,0.97062,0.96784,0.96746,0.96998,0.96842,0.96962,0.96784,0.96758,0.96994,0.97018,0.96818,0.96998,0.97028,0.969,0.97134,0.96872,0.96952,0.97058,0.97066,0.97036,0.97172,0.9712,0.97068,0.96898,0.97164,0.97004,0.9689,0.97162,0.97026,0.9703,0.96954,0.97136,0.97072,0.97084,0.97024,0.96864,0.97178,0.96936,0.97184,0.97072,0.97226,0.9705,0.97254,0.97084,0.96974,0.97058,0.97126,0.97138,0.97138,0.97042,0.9716,0.9701,0.97,0.97066,0.97142,0.97108,0.97026,0.97222,0.97024,0.97108,0.97172,0.97172,0.97166,0.97252,0.9716,0.97248,0.97002,0.97048,0.97258,0.9714,0.9718,0.9716,0.97202,0.97092,0.97264,0.97186,0.97172,0.97262,0.97286,864.5172531604767
FDIPA,0.5,2,49,29,0.91486,0.9387,0.94906,0.95648,0.96138,0.9614,0.96488,0.9642,0.9649,0.96676,0.96616,0.966,0.96336,0.96616,0.96836,0.96694,0.96668,0.96764,0.9682,0.96942,0.96924,0.9695,0.96902,0.9701,0.9709,0.9683,0.96832,0.9684,0.9707,0.97048,0.9715,0.97154,0.97008,0.97208,0.97196,0.97238,0.9722,0.97036,0.97182,0.97142,0.97134,0.97204,0.97212,0.97078,0.97112,0.97316,0.9732,0.9725,0.97096,0.97206,0.97088,0.97074,0.97046,0.97272,0.973,0.97244,0.97184,0.97294,0.97246,0.97276,0.97236,0.97288,0.97308,0.97378,0.97298,0.9726,0.97202,0.97172,0.97344,0.97336,0.97306,0.9732,0.97096,0.97032,0.96976,0.9724,0.97058,0.97062,0.97214,0.97104,0.97324,0.97328,0.97164,0.97244,0.96922,0.97196,0.97212,0.97324,0.97226,0.97262,0.97206,0.97142,0.9722,0.97226,0.97444,0.96956,0.97334,0.97206,0.97314,0.97432,741.4501729011536
FDIPA,1.0,2,49,0,0.92456,0.9448,0.954,0.95272,0.94962,0.95452,0.95316,0.95282,0.95334,0.95592,0.9546,0.95968,0.95974,0.9555,0.95738,0.95796,0.95778,0.95638,0.95896,0.95906,0.95604,0.95824,0.95502,0.95796,0.95812,0.9567,0.95816,0.95912,0.96102,0.95994,0.96178,0.96284,0.95902,0.95838,0.96028,0.9569,0.96144,0.95858,0.96182,0.95926,0.9606,0.9618,0.96064,0.96068,0.9606,0.96004,0.96106,0.96264,0.96054,0.96036,0.96094,0.96112,0.96208,0.96232,0.95548,0.95838,0.96162,0.96068,0.96224,0.95862,0.96208,0.96102,0.96108,0.96088,0.95892,0.95924,0.9592,0.96126,0.96142,0.95964,0.96074,0.95922,0.9589,0.96124,0.95892,0.95944,0.9625,0.95718,0.96034,0.96216,0.96016,0.95838,0.95866,0.96226,0.96094,0.9578,0.9633,0.95954,0.9618,0.96118,0.96172,0.9626,0.9612,0.96082,0.9607,0.95626,0.96278,0.96024,0.95872,0.9622,719.4556968212128
FDIPA,1.0,2,49,1,0.92832,0.94122,0.94782,0.95098,0.95046,0.95286,0.9562,0.95762,0.95576,0.95658,0.96058,0.96126,0.95944,0.95936,0.95766,0.95664,0.9591,0.96016,0.95776,0.9528,0.95904,0.95986,0.95966,0.96026,0.96224,0.96048,0.95698,0.9599,0.96052,0.95922,0.96254,0.96042,0.96288,0.95668,0.96222,0.96016,0.96008,0.96158,0.96076,0.96154,0.96334,0.96016,0.95878,0.96058,0.96232,0.96066,0.95944,0.96252,0.96364,0.9634,0.96102,0.96208,0.96014,0.96062,0.95978,0.95816,0.96004,0.96166,0.9597,0.96144,0.9623,0.9654,0.96126,0.95792,0.95956,0.96278,0.96412,0.9632,0.96164,0.9607,0.96234,0.96326,0.96236,0.96224,0.9614,0.96298,0.96146,0.96244,0.96296,0.96342,0.95794,0.96094,0.96382,0.96174,0.96204,0.959,0.95972,0.9623,0.95898,0.96168,0.96114,0.96286,0.95826,0.96202,0.96482,0.95498,0.96242,0.96104,0.96522,0.96186,720.3972682952881
FDIPA,1.0,2,49,2,0.92712,0.94162,0.95132,0.9544,0.95438,0.95368,0.95342,0.9557,0.95546,0.9554,0.95814,0.95666,0.95494,0.95844,0.95844,0.96064,0.95884,0.9604,0.95852,0.95822,0.96106,0.96,0.9624,0.96088,0.96172,0.96054,0.9582,0.95982,0.95984,0.96128,0.95984,0.96156,0.9561,0.95696,0.95664,0.95968,0.9625,0.961,0.9589,0.96246,0.9601,0.96418,0.9612,0.96012,0.96104,0.96474,0.96142,0.96014,0.95966,0.96276,0.9613,0.9597,0.96218,0.95894,0.95902,0.9593,0.96188,0.9612,0.96156,0.96136,0.95862,0.95916,0.96398,0.95592,0.96042,0.96054,0.95528,0.95962,0.96224,0.95904,0.96192,0.95962,0.96172,0.96308,0.95802,0.96002,0.95804,0.96258,0.96324,0.95934,0.96008,0.96354,0.95788,0.96274,0.96154,0.96182,0.96214,0.96232,0.96042,0.96302,0.96236,0.96366,0.95704,0.9616,0.96198,0.96344,0.96162,0.95844,0.96076,0.96104,721.1979269981384
FDIPA,1.0,2,49,3,0.90308,0.93026,0.946,0.95068,0.9532,0.95586,0.95192,0.95002,0.9527,0.95574,0.95454,0.95516,0.95326,0.9504,0.95754,0.95672,0.95682,0.95708,0.95726,0.95544,0.95486,0.95718,0.95952,0.95666,0.95888,0.96006,0.96034,0.9568,0.96058,0.96058,0.96208,0.9608,0.95864,0.96008,0.95572,0.9618,0.959,0.9613,0.9629,0.96108,0.95924,0.96132,0.9608,0.95614,0.95798,0.95748,0.9587,0.9589,0.95964,0.95892,0.95868,0.95976,0.9594,0.95828,0.96026,0.95782,0.96138,0.9608,0.96004,0.95994,0.95712,0.96282,0.96042,0.96184,0.95976,0.95624,0.95608,0.95942,0.95948,0.95584,0.96066,0.95808,0.96292,0.95912,0.96132,0.95918,0.9617,0.96268,0.95832,0.96054,0.95886,0.9596,0.9598,0.96016,0.96056,0.95822,0.95714,0.9608,0.96204,0.96056,0.96048,0.96204,0.96082,0.96214,0.96134,0.96164,0.96098,0.96006,0.96044,0.95698,720.109705209732
FDIPA,1.0,2,49,4,0.92568,0.93948,0.95012,0.95168,0.95034,0.95452,0.95348,0.95666,0.95588,0.9572,0.95768,0.95518,0.95778,0.9592,0.95824,0.95816,0.95788,0.96266,0.9597,0.95896,0.96236,0.96002,0.95936,0.96064,0.9591,0.96116,0.95746,0.96018,0.96028,0.9563,0.95928,0.95846,0.95968,0.96012,0.95972,0.96034,0.96016,0.95982,0.956,0.96318,0.96094,0.96154,0.96014,0.95738,0.95986,0.9595,0.9608,0.96248,0.9629,0.95884,0.9623,0.96314,0.96288,0.96228,0.96312,0.95974,0.95876,0.9624,0.96164,0.96166,0.96204,0.9604,0.95984,0.96134,0.96122,0.96232,0.9632,0.95992,0.96098,0.96134,0.96124,0.9618,0.95936,0.95996,0.96192,0.95912,0.96272,0.96006,0.96214,0.95932,0.95988,0.95974,0.96048,0.96036,0.96132,0.96234,0.96028,0.95838,0.96116,0.96094,0.9622,0.96244,0.96194,0.96332,0.96326,0.95932,0.95524,0.96056,0.95986,0.96066,720.8650052547455
FDIPA,1.0,2,49,5,0.91568,0.93452,0.94444,0.94576,0.94998,0.95144,0.95452,0.95462,0.95524,0.95784,0.9581,0.9561,0.95402,0.95574,0.958,0.9578,0.96,0.95592,0.96002,0.9581,0.9582,0.9584,0.95904,0.95844,0.95716,0.96122,0.9612,0.95826,0.95844,0.9573,0.96146,0.96094,0.96126,0.96094,0.96048,0.96134,0.96266,0.95962,0.9616,0.95976,0.962,0.96312,0.9608,0.96324,0.9603,0.96188,0.96194,0.96038,0.96006,0.9617,0.96244,0.95778,0.9622,0.95868,0.96098,0.96264,0.96106,0.96158,0.96096,0.9625,0.96236,0.9616,0.95908,0.95938,0.96284,0.9606,0.96288,0.96064,0.96274,0.9639,0.96152,0.96226,0.96346,0.96214,0.96072,0.9595,0.96342,0.96232,0.96282,0.9619,0.96466,0.9625,0.96356,0.9601,0.96472,0.9579,0.9616,0.96252,0.9625,0.96294,0.96564,0.96016,0.96296,0.96526,0.96068,0.96374,0.96256,0.96156,0.96286,0.96174,728.2404456138611
FDIPA,1.0,2,49,6,0.93198,0.9468,0.94896,0.95574,0.95342,0.95918,0.9563,0.9551,0.95574,0.95934,0.95876,0.96128,0.95616,0.96116,0.95872,0.9598,0.96094,0.96302,0.96082,0.9621,0.9584,0.96432,0.95514,0.9613,0.9638,0.96064,0.9637,0.96308,0.96382,0.96112,0.9614,0.9658,0.96148,0.96344,0.96392,0.9628,0.96458,0.95912,0.96408,0.96264,0.96172,0.96244,0.96008,0.96142,0.96488,0.96326,0.96412,0.9624,0.95946,0.96232,0.96012,0.96216,0.96244,0.96258,0.96568,0.96234,0.96626,0.95974,0.96568,0.9644,0.9619,0.96414,0.9634,0.9644,0.96392,0.96274,0.96198,0.96158,0.96016,0.9652,0.96484,0.9653,0.9629,0.95864,0.96148,0.96528,0.9658,0.96304,0.96442,0.96458,0.95906,0.96642,0.96518,0.96358,0.96638,0.9626,0.9652,0.96562,0.96412,0.95878,0.96312,0.96168,0.9649,0.96426,0.9628,0.96528,0.96506,0.96082,0.96494,0.96102,717.0385360717773
FDIPA,1.0,2,49,7,0.92784,0.94538,0.95154,0.9538,0.95436,0.95888,0.9558,0.95368,0.95764,0.95046,0.95874,0.95466,0.95804,0.95786,0.95808,0.95672,0.95864,0.95854,0.95886,0.95892,0.95834,0.95804,0.95916,0.95534,0.9562,0.95756,0.96082,0.9599,0.95296,0.95952,0.95696,0.9616,0.95902,0.96072,0.96186,0.95698,0.95862,0.96012,0.95812,0.95956,0.96066,0.95822,0.96084,0.96254,0.95968,0.96004,0.96114,0.96112,0.95636,0.96064,0.95484,0.95992,0.95758,0.95596,0.95902,0.9583,0.9578,0.96018,0.96102,0.96016,0.95868,0.96052,0.95978,0.95874,0.96026,0.95976,0.95994,0.95698,0.95916,0.9627,0.95726,0.96158,0.95966,0.95618,0.9612,0.95904,0.961,0.95672,0.9622,0.9601,0.95826,0.95718,0.95742,0.9615,0.9612,0.95996,0.96024,0.9597,0.95636,0.95978,0.95966,0.95836,0.95784,0.95884,0.95922,0.96104,0.95812,0.96142,0.95278,0.9603,721.6470425128937
FDIPA,1.0,2,49,8,0.92714,0.9458,0.95584,0.9538,0.95768,0.95602,0.95506,0.95028,0.9594,0.95878,0.9584,0.95712,0.96168,0.95424,0.96128,0.96066,0.95552,0.96124,0.96262,0.96158,0.96034,0.9613,0.96148,0.96306,0.96318,0.96192,0.96032,0.96296,0.9598,0.95974,0.95956,0.9572,0.96248,0.96302,0.96114,0.96078,0.96096,0.9617,0.96096,0.95862,0.96234,0.96336,0.96126,0.96076,0.96094,0.96106,0.96476,0.96168,0.96206,0.96056,0.95462,0.96248,0.95998,0.95524,0.95844,0.9614,0.96144,0.9598,0.9643,0.96208,0.95874,0.96316,0.95524,0.9625,0.96368,0.96248,0.96094,0.96254,0.96208,0.96304,0.96522,0.96118,0.96202,0.96174,0.96318,0.96222,0.9631,0.96292,0.96192,0.96116,0.96034,0.96326,0.95876,0.96368,0.9591,0.96368,0.95878,0.96222,0.96264,0.96344,0.96194,0.96316,0.9622,0.96316,0.96182,0.96018,0.95986,0.96268,0.95586,0.95906,718.0640351772308
FDIPA,1.0,2,49,9,0.92496,0.94392,0.9475,0.95176,0.95162,0.95474,0.95638,0.95464,0.95528,0.95844,0.95944,0.95894,0.95784,0.9585,0.96044,0.95916,0.95528,0.9574,0.95584,0.9565,0.96092,0.96266,0.95748,0.9604,0.9601,0.96006,0.95664,0.96188,0.95916,0.96094,0.95866,0.961,0.95618,0.96176,0.95968,0.96132,0.96224,0.96372,0.96308,0.96054,0.96138,0.96272,0.96214,0.95718,0.96254,0.96134,0.96088,0.9598,0.96186,0.9622,0.96144,0.96236,0.96052,0.96314,0.96182,0.95752,0.96298,0.96122,0.96092,0.9598,0.9607,0.96104,0.96128,0.96146,0.95926,0.96228,0.96156,0.96344,0.95816,0.96152,0.96098,0.96204,0.96026,0.95974,0.96346,0.9598,0.96344,0.96182,0.96182,0.95938,0.96194,0.96214,0.96126,0.96092,0.95972,0.95924,0.96278,0.96368,0.9628,0.96008,0.96216,0.96414,0.9602,0.96096,0.96262,0.9608,0.9648,0.96306,0.96106,0.96058,718.6161849498749
FDIPA,1.0,2,49,10,0.9199,0.93848,0.94678,0.95234,0.95354,0.95092,0.9534,0.9567,0.95708,0.95892,0.95434,0.95496,0.95528,0.95496,0.95784,0.95702,0.9568,0.95886,0.95946,0.95956,0.9613,0.95722,0.96,0.95914,0.95746,0.96032,0.95712,0.95586,0.96014,0.95784,0.9556,0.96158,0.96014,0.96044,0.96176,0.96094,0.96124,0.9628,0.96242,0.95696,0.95882,0.96068,0.9578,0.96228,0.96108,0.95908,0.96032,0.96068,0.95954,0.95884,0.96156,0.95906,0.96186,0.95648,0.95866,0.95868,0.96326,0.96218,0.95914,0.96262,0.95798,0.96328,0.95986,0.9599,0.96108,0.95896,0.95948,0.96066,0.95872,0.96206,0.96026,0.96016,0.95912,0.95762,0.96224,0.96172,0.96012,0.96014,0.9615,0.96304,0.96098,0.96194,0.9613,0.9604,0.95912,0.95964,0.95618,0.96164,0.9607,0.9599,0.96008,0.962,0.95962,0.96028,0.95892,0.96146,0.96158,0.95928,0.96376,0.96244,718.7717509269714
FDIPA,1.0,2,49,11,0.90746,0.93496,0.94232,0.95088,0.95142,0.9536,0.95474,0.94762,0.95228,0.95718,0.9585,0.9582,0.95952,0.95858,0.95896,0.95798,0.95954,0.95904,0.95282,0.95912,0.95866,0.96178,0.95954,0.96014,0.96006,0.96284,0.96158,0.96188,0.9602,0.95954,0.96146,0.95986,0.96032,0.9607,0.95714,0.959,0.9605,0.95778,0.96016,0.95514,0.95992,0.96228,0.9588,0.96096,0.96136,0.96094,0.95816,0.96044,0.95888,0.95774,0.95726,0.9579,0.95884,0.96076,0.9596,0.96366,0.96288,0.95718,0.96142,0.96006,0.9613,0.9627,0.9609,0.96088,0.95852,0.96034,0.9599,0.96148,0.96144,0.96116,0.95806,0.96042,0.96376,0.96262,0.96158,0.96014,0.96034,0.9619,0.9603,0.95604,0.9579,0.9618,0.9626,0.96248,0.96334,0.96224,0.96056,0.96316,0.96196,0.96256,0.95948,0.96058,0.9622,0.95918,0.9621,0.96042,0.95818,0.96192,0.96128,0.9589,718.6716642379761
FDIPA,1.0,2,49,12,0.90662,0.93036,0.94218,0.94508,0.95074,0.95128,0.95142,0.955,0.95354,0.95582,0.95494,0.95538,0.9515,0.9584,0.95428,0.95944,0.95746,0.95952,0.95374,0.95562,0.9572,0.95706,0.95892,0.95934,0.9571,0.95382,0.96082,0.96122,0.95638,0.95858,0.95396,0.95712,0.95526,0.95684,0.95872,0.95776,0.95312,0.95904,0.9573,0.95924,0.96214,0.95616,0.95894,0.96046,0.96002,0.96036,0.9607,0.9613,0.96178,0.95388,0.96194,0.96172,0.95924,0.95802,0.96098,0.95576,0.96078,0.95516,0.95938,0.95826,0.96362,0.96154,0.96156,0.95878,0.96042,0.96264,0.96124,0.96144,0.96226,0.96016,0.95912,0.96174,0.9571,0.95918,0.96166,0.95852,0.9601,0.95684,0.96074,0.9602,0.95886,0.96018,0.9589,0.95996,0.95924,0.96112,0.96146,0.96204,0.96146,0.96178,0.96064,0.96182,0.96072,0.95746,0.96048,0.96004,0.95994,0.9621,0.96136,0.95678,712.801967382431
FDIPA,1.0,2,49,13,0.92606,0.93782,0.94876,0.95268,0.95418,0.95506,0.95294,0.95664,0.95596,0.95934,0.96004,0.9618,0.95566,0.96114,0.95582,0.96222,0.95642,0.95918,0.96034,0.96052,0.95952,0.95012,0.9571,0.95848,0.95918,0.95482,0.95886,0.96248,0.96212,0.95412,0.96148,0.95802,0.96076,0.95802,0.95992,0.95698,0.95916,0.96304,0.96,0.95866,0.95812,0.96082,0.95836,0.95952,0.95754,0.95858,0.9564,0.96238,0.96074,0.9591,0.9591,0.96212,0.9625,0.96108,0.96462,0.95842,0.95736,0.96174,0.95782,0.95946,0.96054,0.95864,0.96064,0.96076,0.95912,0.95712,0.96034,0.9635,0.96178,0.9619,0.96206,0.96268,0.96134,0.96246,0.9595,0.96098,0.96214,0.95848,0.96142,0.96246,0.96142,0.96268,0.95204,0.96192,0.96174,0.96248,0.96238,0.963,0.96038,0.95958,0.9622,0.96282,0.9633,0.95828,0.96134,0.96268,0.96306,0.9598,0.96304,0.96412,715.6249186992645
FDIPA,1.0,2,49,14,0.92744,0.94356,0.9531,0.95624,0.95544,0.9575,0.95322,0.95636,0.95802,0.96106,0.95678,0.95902,0.96186,0.96064,0.95698,0.95756,0.9606,0.95914,0.95888,0.96026,0.9627,0.96106,0.95964,0.96112,0.95972,0.95558,0.9617,0.95902,0.96052,0.95958,0.9595,0.96304,0.96146,0.9615,0.9594,0.95892,0.96128,0.96074,0.96196,0.95826,0.95902,0.96004,0.96002,0.96124,0.96206,0.95876,0.96104,0.95904,0.9596,0.95866,0.9598,0.96186,0.95768,0.95704,0.95852,0.96094,0.95616,0.96116,0.95964,0.96,0.96166,0.9618,0.96226,0.9613,0.96126,0.95718,0.96224,0.9613,0.9585,0.9553,0.96224,0.95916,0.96014,0.96272,0.96084,0.96206,0.95524,0.96102,0.96108,0.9596,0.95964,0.96192,0.96284,0.95838,0.95828,0.96082,0.96188,0.95484,0.9564,0.9605,0.96204,0.96102,0.96384,0.96358,0.95708,0.95962,0.96006,0.95864,0.95912,0.9623,711.92014503479
FDIPA,1.0,2,49,15,0.92866,0.94956,0.95078,0.95436,0.9531,0.95018,0.95462,0.95804,0.95856,0.95806,0.96082,0.96186,0.9602,0.96156,0.95858,0.95822,0.95618,0.95542,0.9595,0.959,0.96232,0.9591,0.96092,0.96098,0.96006,0.96244,0.96354,0.96218,0.96334,0.95784,0.95864,0.96298,0.9621,0.9633,0.96462,0.95888,0.9598,0.96168,0.96386,0.96158,0.96124,0.9646,0.96244,0.96546,0.9618,0.96194,0.96362,0.96306,0.9625,0.96498,0.96282,0.96196,0.96404,0.9644,0.9623,0.96382,0.96312,0.96456,0.9628,0.96266,0.96336,0.95954,0.96188,0.96408,0.96356,0.96308,0.95618,0.96212,0.96208,0.9597,0.96202,0.96258,0.96126,0.9608,0.9628,0.9606,0.96342,0.96124,0.9603,0.96056,0.96382,0.96032,0.96184,0.96286,0.95948,0.9642,0.96456,0.96044,0.96452,0.96274,0.96312,0.96288,0.96144,0.9602,0.9597,0.96276,0.96178,0.96346,0.9643,0.96352,714.0952761173248
FDIPA,1.0,2,49,16,0.9332,0.94772,0.95284,0.95454,0.95624,0.95428,0.95682,0.96034,0.95566,0.95448,0.95948,0.95694,0.95822,0.9608,0.95796,0.95974,0.95912,0.96258,0.9572,0.9583,0.95948,0.95902,0.96166,0.95778,0.9629,0.96188,0.95894,0.95922,0.96248,0.95572,0.96212,0.96142,0.96242,0.96078,0.96168,0.95436,0.96176,0.95854,0.96114,0.95938,0.96224,0.96326,0.95818,0.95792,0.96424,0.96218,0.96068,0.96368,0.9612,0.96114,0.958,0.96296,0.96038,0.9556,0.9602,0.9612,0.95988,0.96232,0.95922,0.9617,0.96028,0.95676,0.95708,0.95886,0.96192,0.96246,0.96316,0.96202,0.96124,0.96294,0.96306,0.96286,0.9619,0.96076,0.9565,0.96318,0.96188,0.95766,0.9599,0.96156,0.96112,0.96218,0.9628,0.96106,0.96298,0.96368,0.96286,0.96108,0.958,0.96194,0.96148,0.96212,0.96166,0.9597,0.9605,0.96268,0.95824,0.9591,0.9625,0.96294,713.5151450634003
FDIPA,1.0,2,49,17,0.9264,0.94652,0.9503,0.94776,0.95474,0.95564,0.95602,0.95598,0.95914,0.95772,0.95912,0.95998,0.96104,0.95898,0.95906,0.95998,0.95974,0.96302,0.96268,0.95964,0.96228,0.96116,0.96224,0.95622,0.96394,0.95826,0.9623,0.95644,0.96348,0.96032,0.95986,0.95282,0.9594,0.96194,0.96292,0.96532,0.96094,0.962,0.96214,0.96098,0.9614,0.9606,0.96172,0.95988,0.96042,0.96068,0.9622,0.96288,0.96026,0.96272,0.95936,0.96348,0.95584,0.959,0.96262,0.96022,0.95774,0.959,0.9604,0.96172,0.95984,0.9615,0.9596,0.96102,0.962,0.96136,0.96392,0.95892,0.96328,0.9592,0.9601,0.96184,0.9599,0.9557,0.95856,0.95722,0.96368,0.96018,0.96222,0.95908,0.96084,0.96228,0.96298,0.9621,0.95966,0.95914,0.96482,0.95804,0.96336,0.96018,0.96322,0.96328,0.96144,0.96206,0.95862,0.96202,0.9615,0.9623,0.9571,0.96102,712.0982594490051
FDIPA,1.0,2,49,18,0.91978,0.94544,0.94846,0.94922,0.95154,0.95344,0.9559,0.95636,0.95742,0.96022,0.9565,0.95734,0.95828,0.96114,0.9608,0.95916,0.9564,0.96048,0.96326,0.96314,0.96172,0.9616,0.96204,0.96002,0.96278,0.96252,0.961,0.9615,0.96024,0.96416,0.96112,0.96014,0.96112,0.9597,0.96252,0.96278,0.96146,0.96172,0.96218,0.96468,0.962,0.9623,0.96362,0.96238,0.96386,0.96062,0.96296,0.96346,0.96088,0.95624,0.96398,0.9614,0.9625,0.9585,0.96248,0.96114,0.96356,0.96048,0.96162,0.95774,0.95964,0.96042,0.95766,0.96138,0.96518,0.96082,0.96296,0.96106,0.95804,0.96376,0.9642,0.9639,0.96032,0.96368,0.96334,0.96474,0.9618,0.96052,0.96236,0.9639,0.96404,0.95806,0.9611,0.96336,0.96176,0.96268,0.96118,0.96302,0.9637,0.96128,0.96422,0.96156,0.95722,0.96424,0.96116,0.96226,0.96188,0.96074,0.96062,0.96,712.3494303226471
FDIPA,1.0,2,49,19,0.92846,0.94564,0.9495,0.95114,0.9502,0.95532,0.95352,0.9539,0.9531,0.95772,0.95338,0.95976,0.95634,0.95724,0.95996,0.95484,0.9527,0.95834,0.95988,0.95702,0.96178,0.95948,0.96204,0.95904,0.96142,0.96184,0.9598,0.95718,0.95894,0.95914,0.95742,0.9598,0.9572,0.9599,0.95824,0.96068,0.95882,0.96084,0.96242,0.96254,0.95734,0.96224,0.95694,0.96256,0.95562,0.95948,0.96168,0.9593,0.95902,0.95884,0.9633,0.96202,0.961,0.96014,0.96056,0.95602,0.96138,0.96334,0.96046,0.96204,0.96152,0.96292,0.959,0.96044,0.9601,0.95946,0.96172,0.9612,0.95548,0.9614,0.95946,0.95726,0.9605,0.96192,0.959,0.96024,0.95796,0.96262,0.95802,0.96104,0.96272,0.95956,0.96116,0.9627,0.95948,0.96066,0.95992,0.9595,0.95878,0.95814,0.9601,0.95972,0.96088,0.96222,0.96034,0.96024,0.95568,0.9601,0.963,0.9608,714.9309470653534
FDIPA,1.0,2,49,20,0.92058,0.9399,0.9458,0.95062,0.94992,0.95294,0.95428,0.95682,0.95634,0.95612,0.95554,0.95686,0.95856,0.95758,0.95788,0.95706,0.96008,0.9563,0.95668,0.95606,0.9565,0.9557,0.95716,0.9591,0.95818,0.96208,0.95424,0.95738,0.956,0.96106,0.95804,0.9585,0.9595,0.96014,0.9578,0.9587,0.95738,0.9582,0.96168,0.9595,0.95942,0.95554,0.96032,0.95776,0.96044,0.95994,0.95776,0.95884,0.9597,0.95474,0.95982,0.95922,0.95934,0.96158,0.96056,0.9556,0.95828,0.9597,0.95874,0.9603,0.9586,0.95548,0.95978,0.9577,0.95462,0.95936,0.95938,0.96138,0.95916,0.96074,0.96108,0.96004,0.95882,0.95818,0.95818,0.96146,0.96166,0.96022,0.9609,0.9622,0.96244,0.9607,0.95808,0.96238,0.96028,0.95956,0.95704,0.96106,0.95722,0.9597,0.96166,0.95924,0.96252,0.9609,0.96036,0.95882,0.95742,0.95728,0.9612,0.9623,712.7897882461548
FDIPA,1.0,2,49,21,0.9312,0.94216,0.94876,0.95124,0.95364,0.95578,0.95862,0.95402,0.9579,0.95888,0.95756,0.95646,0.96172,0.95802,0.96208,0.96018,0.9599,0.95894,0.95652,0.96018,0.9597,0.96204,0.96168,0.96114,0.96074,0.9622,0.96166,0.95856,0.95826,0.95876,0.96152,0.96216,0.95976,0.95968,0.95978,0.96212,0.96228,0.96216,0.9599,0.95964,0.96174,0.96184,0.96146,0.95976,0.9604,0.9627,0.95604,0.96294,0.96436,0.9626,0.96286,0.9595,0.96038,0.96138,0.96166,0.96046,0.96334,0.95882,0.9615,0.96142,0.96112,0.96082,0.96038,0.96186,0.9629,0.96514,0.96242,0.96172,0.96168,0.95974,0.96192,0.96168,0.96056,0.96146,0.96254,0.95874,0.96276,0.9613,0.96148,0.96264,0.96286,0.96274,0.95962,0.96332,0.96198,0.95902,0.96324,0.96144,0.9626,0.9622,0.96116,0.96292,0.9607,0.9636,0.96136,0.95924,0.96202,0.96204,0.9596,0.96154,714.5762119293213
FDIPA,1.0,2,49,22,0.92872,0.94752,0.9514,0.95518,0.95586,0.95556,0.95552,0.95418,0.95832,0.9523,0.955,0.95642,0.95734,0.95884,0.95804,0.95658,0.9608,0.95636,0.95742,0.95832,0.96058,0.95604,0.95902,0.9575,0.95716,0.96038,0.95936,0.96074,0.95924,0.9583,0.95658,0.95912,0.95976,0.95776,0.95594,0.95618,0.96142,0.95908,0.95998,0.95896,0.95948,0.96126,0.96176,0.95782,0.96046,0.95872,0.96126,0.95614,0.95912,0.95944,0.96136,0.961,0.95958,0.9613,0.95928,0.96074,0.96016,0.95442,0.96224,0.95952,0.96074,0.95902,0.95924,0.96076,0.96076,0.95968,0.96024,0.96208,0.963,0.95676,0.9598,0.96214,0.95736,0.9573,0.95722,0.96102,0.9596,0.96214,0.96138,0.96166,0.96002,0.95954,0.95764,0.96232,0.95998,0.9567,0.96098,0.96236,0.96052,0.95964,0.9618,0.95812,0.96038,0.95912,0.96094,0.95758,0.95866,0.95708,0.9602,0.96078,712.5642919540405
FDIPA,1.0,2,49,23,0.92264,0.94182,0.94728,0.95148,0.94976,0.95318,0.95556,0.958,0.94568,0.95548,0.95854,0.958,0.95682,0.95884,0.956,0.95696,0.95836,0.95876,0.95898,0.9586,0.95522,0.96188,0.96048,0.96058,0.9597,0.95866,0.95748,0.9598,0.95796,0.96026,0.9594,0.95704,0.96032,0.95586,0.96146,0.9594,0.95558,0.96096,0.95678,0.96238,0.95962,0.9608,0.95998,0.95878,0.96328,0.9586,0.95908,0.95768,0.95992,0.95994,0.95878,0.959,0.95718,0.95692,0.96012,0.9603,0.95728,0.9602,0.95914,0.95832,0.9587,0.96086,0.96174,0.96052,0.95924,0.9611,0.95324,0.96032,0.96304,0.95872,0.96144,0.95866,0.96164,0.95684,0.96198,0.96094,0.95704,0.9586,0.96174,0.96202,0.9619,0.96098,0.9619,0.96268,0.9616,0.96162,0.9593,0.9625,0.96274,0.96374,0.9604,0.96112,0.96136,0.96014,0.96384,0.96068,0.9617,0.95842,0.95982,0.96294,714.6334614753723
FDIPA,1.0,2,49,24,0.92656,0.9447,0.94522,0.95408,0.95518,0.95204,0.95068,0.95624,0.95614,0.95842,0.95698,0.96,0.96044,0.96012,0.95608,0.95788,0.959,0.95564,0.95844,0.95934,0.95386,0.95334,0.9541,0.9576,0.9592,0.9595,0.95754,0.95686,0.95942,0.95834,0.95668,0.95876,0.96228,0.95984,0.96046,0.95908,0.9558,0.95706,0.9603,0.95692,0.95186,0.96044,0.96016,0.9599,0.95238,0.95992,0.96038,0.95942,0.96046,0.96184,0.9589,0.9571,0.96168,0.9606,0.9611,0.96146,0.96232,0.95674,0.95974,0.96098,0.9598,0.95514,0.95964,0.962,0.95788,0.96354,0.95468,0.962,0.9618,0.9617,0.95884,0.95914,0.96024,0.9626,0.95676,0.96136,0.95618,0.96066,0.9595,0.9574,0.96064,0.95578,0.95994,0.96048,0.96016,0.95406,0.96104,0.9596,0.9617,0.95984,0.96076,0.96228,0.96214,0.9611,0.961,0.96298,0.9579,0.95902,0.96104,0.96166,715.9355323314667
FDIPA,1.0,2,49,25,0.91682,0.93988,0.94478,0.94598,0.95016,0.95112,0.94908,0.95582,0.95614,0.95776,0.95762,0.95556,0.95918,0.95538,0.95824,0.95424,0.95784,0.95642,0.95782,0.9591,0.9582,0.95924,0.95852,0.95808,0.9588,0.96036,0.95454,0.9573,0.9595,0.95846,0.96038,0.95944,0.95922,0.96034,0.95842,0.95936,0.95948,0.9557,0.9509,0.9606,0.96212,0.96166,0.95984,0.9583,0.95768,0.95614,0.96082,0.96012,0.95728,0.96072,0.95854,0.96158,0.95894,0.95948,0.96078,0.9602,0.96006,0.9594,0.95922,0.95684,0.95744,0.96212,0.9556,0.96034,0.96124,0.95866,0.95738,0.95974,0.95658,0.96078,0.95928,0.96128,0.96004,0.96012,0.95958,0.96048,0.961,0.9591,0.9616,0.95952,0.95932,0.95772,0.96096,0.9597,0.96034,0.95664,0.95998,0.95566,0.96046,0.95626,0.95172,0.95878,0.95934,0.95738,0.95728,0.96138,0.95872,0.96004,0.95804,0.95908,718.6486320495605
FDIPA,1.0,2,49,26,0.93256,0.94364,0.94994,0.95508,0.95352,0.95414,0.95722,0.95816,0.95776,0.95896,0.95924,0.95962,0.95522,0.9601,0.96096,0.96154,0.9624,0.96078,0.96088,0.95756,0.96204,0.96236,0.96238,0.96028,0.95936,0.96224,0.96136,0.962,0.96282,0.95784,0.96352,0.96276,0.96134,0.96394,0.96024,0.959,0.95846,0.9613,0.96316,0.95904,0.96274,0.95888,0.96038,0.96236,0.96328,0.9638,0.96204,0.96342,0.96226,0.96296,0.96258,0.9596,0.96126,0.9616,0.96138,0.95966,0.95902,0.96232,0.96074,0.96324,0.95964,0.96064,0.9635,0.96146,0.95644,0.9623,0.96206,0.96368,0.96316,0.96356,0.9634,0.9663,0.96158,0.965,0.96148,0.962,0.96326,0.96334,0.9631,0.96012,0.96386,0.96162,0.96188,0.96116,0.96412,0.96278,0.96074,0.96232,0.96164,0.9603,0.96378,0.95828,0.96126,0.96156,0.96092,0.96434,0.96422,0.96318,0.96142,0.95988,717.8009140491486
FDIPA,1.0,2,49,27,0.9264,0.93004,0.94432,0.95198,0.95568,0.95138,0.95382,0.95626,0.95316,0.95724,0.95774,0.95608,0.95616,0.95722,0.95968,0.95916,0.95684,0.95898,0.95758,0.95848,0.95938,0.9604,0.95776,0.95528,0.95692,0.9599,0.9592,0.95746,0.96,0.95974,0.95698,0.9598,0.96066,0.96142,0.95618,0.96242,0.96084,0.957,0.96148,0.95896,0.9627,0.95904,0.96128,0.9587,0.96082,0.96176,0.9519,0.95924,0.96144,0.96008,0.9557,0.95674,0.95964,0.9588,0.95664,0.95974,0.96094,0.95926,0.95872,0.96182,0.9623,0.96144,0.9631,0.96032,0.9589,0.95786,0.96026,0.94958,0.95776,0.96228,0.96022,0.96024,0.95938,0.9609,0.95878,0.95854,0.96228,0.9626,0.95956,0.96012,0.95888,0.95986,0.96124,0.95988,0.95954,0.96222,0.96128,0.95694,0.96174,0.95474,0.96074,0.96278,0.9614,0.96174,0.96186,0.96076,0.96208,0.95734,0.95964,0.96398,712.8522846698761
FDIPA,1.0,2,49,28,0.92952,0.94262,0.95084,0.9546,0.95678,0.95588,0.9593,0.95606,0.95814,0.95746,0.95968,0.95906,0.9559,0.95928,0.95724,0.96048,0.95896,0.95952,0.9605,0.95864,0.96038,0.96328,0.95822,0.95842,0.96004,0.95866,0.96026,0.95894,0.9569,0.96044,0.96034,0.9569,0.96092,0.96292,0.95922,0.9625,0.96112,0.96124,0.96248,0.9585,0.9604,0.96094,0.96246,0.9604,0.96072,0.96098,0.95892,0.9579,0.96268,0.961,0.96126,0.96366,0.9613,0.96118,0.96136,0.9587,0.9572,0.96018,0.95738,0.96166,0.96102,0.9617,0.96044,0.9608,0.96338,0.96152,0.96238,0.95966,0.96042,0.96076,0.95978,0.95984,0.95868,0.95958,0.96094,0.96234,0.96178,0.9629,0.96452,0.9608,0.9605,0.96258,0.96242,0.95982,0.9643,0.96198,0.96282,0.95778,0.95982,0.9642,0.96024,0.96054,0.95922,0.9602,0.9617,0.96184,0.96158,0.96156,0.96276,0.96256,712.8109531402588
FDIPA,1.0,2,49,29,0.92962,0.9429,0.9528,0.9561,0.95718,0.95582,0.95806,0.9568,0.95676,0.95946,0.95966,0.9595,0.95584,0.9602,0.96086,0.96036,0.95954,0.9616,0.96166,0.96166,0.96022,0.96096,0.9607,0.96174,0.96344,0.96026,0.95788,0.95944,0.96252,0.96088,0.95792,0.9639,0.9603,0.96236,0.96274,0.96364,0.96134,0.96308,0.96264,0.96234,0.9613,0.96246,0.96288,0.95854,0.96136,0.96418,0.96356,0.9632,0.95804,0.96372,0.95776,0.96038,0.96202,0.96544,0.9647,0.96398,0.9616,0.9652,0.96318,0.96492,0.9607,0.9631,0.96334,0.96442,0.96382,0.96234,0.96026,0.9597,0.96516,0.96448,0.96482,0.96456,0.96182,0.95934,0.96134,0.9642,0.95904,0.96214,0.96196,0.96268,0.96302,0.963,0.96368,0.96202,0.95992,0.96274,0.96312,0.96148,0.96292,0.96422,0.96314,0.96332,0.96366,0.9658,0.96678,0.95964,0.96448,0.9614,0.96362,0.9664,714.9578039646149
